name,kind,director,country,year,imdb_rating
Четыре,Драматический фильм,"Хржановский, Илья Андреевич","Россия,Нидерланды",2004,N/A
3 ночи в пустыне,Драма (жанр),"Коуэн, Гэбриэль (страница отсутствует),en:Gabriel Cowan",Соединённые Штаты Америки,2014,7.1
1+1: Голливудская история,Комедийная драма,"Бёргер, Нил",Соединённые Штаты Америки,2017,7.9
2pac: Легенда,"Фильм-биография,Драма (жанр),Боевик (киножанр)",,Соединённые Штаты Америки,2017,7.3
2-Асса-2,Драма (жанр),"Соловьёв, Сергей Александрович (кинорежиссёр)",Россия,2008,N/A
40,"Детективный фильм,Триллер","Галибин, Александр Владимирович",Россия,2007,6.5
40 дней и 40 ночей,Кинокомедия,Майкл Леманн,США,2002,N/A
2 секунды,Комедия,Манон Брайан,Кинематограф Канады,1998,8.6
38-я параллель,"Драма (жанр),Боевик (жанр),Военный",Кан Джегю,Республика Корея,2004,7.0
42 / Номер 42,"Драма (жанр),Спортивный фильм",Брайан Хелгеленд,Соединённые Штаты Америки,12 апреля,N/A
3 идиота,"Комедия,Драма (жанр)","Хирани, Раджкумар",Индия,2009,7.1
42-я улица,"Кинокомедия,Мюзикл,Мелодрама","Ллойд Бэкон,Беркли, Басби",Соединённые Штаты Америки,1933,7.5
Авиценна,"Биографический фильм,Исторический фильм",Камиль Ярматов,Кинематограф СССР,1956,N/A
Авраам: Хранитель веры,Драма (жанр),"Сарджент, Джозеф","Соединённые Штаты Америки,Италия,Великобритания",1994,N/A
34-й скорый,"Фильм-катастрофа,Приключенческий фильм,Драматический фильм","Малюков, Андрей Игоревич",Кинематограф СССР,1981,7.0
"Авива, любовь моя",Драматический фильм,d:Q16130513,Израиль,2006,N/A
"Авель, твой брат","Психология,Драма (жанр)","Насфетер, Януш",Польша,1970,N/A
Авиатор,"Фильм-биография,Драма (жанр)","Скорсезе, Мартин","Кинематограф США,Германия",2004,N/A
39-я бригада,,"Макк, Карой","Флаг Венгрии,Венгрия",1959,6.2
Алая буква,Драма (жанр),"Шёстрём, Виктор",Соединённые Штаты Америки,1926,N/A
1+1,"Комедийная драма,Бадди-муви","Накаш, Оливье,Толедано, Эрик",Франция,2011,3.7
01-99,,"Мартиросян, Амасий Петрович",Союз Советских Социалистических Республик,1959,8.0
Авиапочта,"Мелодрама,Приключенческий фильм",Ирвин Виллат (страница отсутствует),Соединённые Штаты Америки,1925,N/A
2:37,Драматический фильм,"d:Q3328027,d:Q221992",Австралия,2006,6.8
Аланис,Драматический фильм,d:Q484261,Аргентина,21 сентября,N/A
Штурмующие,"Драма (жанр),Боевик (киножанр)","Кеннеди, Берт",Соединённые Штаты Америки,1987,N/A
Американский пирог,Кинокомедия,,Кинематограф США,1999,N/A
Американский пирог 2,Кинокомедия,Джеймс Роджерс (страница отсутствует),Соединённые Штаты Америки,2001,8.6
Алан Партридж: Альфа Отец,Комедия,,"Великобритания,Франция",1,N/A
Анна Павлова,"Драма (жанр),Фильм-биография,Исторический фильм,Музыкальный фильм","Лотяну, Эмиль Владимирович","Союз Советских Социалистических Республик,Великобритания,Германская Демократическая Республика,Куба,Франция",,N/A
Аладдин и его волшебная лампа,"Приключенческий фильм,Кинокомедия,Семейный фильм,Фэнтези",Тим Бёртон,Соединённые Штаты Америки,1986,N/A
Американский оборотень в Париже,Комедийный фильм ужасов,"Уоллер, Энтони (страница отсутствует),en:Anthony Waller","Соединённые Штаты Америки,Великобритания,Франция,Нидерланды,Люксембург",1997,N/A
33,Драма (жанр),,"Соединённые Штаты Америки,Чили,Колумбия",2015,6.5
Анна Ли,Музыкальный фильм,d:Q11989842,,,N/A
Американский огурчик,Кинокомедия,"Трост, Брэндон (страница отсутствует),en:Brandon Trost",Соединённые Штаты Америки,2020,N/A
Анна Николь,Фильм-биография,"Уоксмен, Киони",Соединённые Штаты Америки,2007,N/A
Анна на шее,Драма (жанр),"Анненский, Исидор Маркович",Союз Советских Социалистических Республик,1954,N/A
Анна Политковская: семь лет на линии фронта,Документальный фильм,,Нидерланды,2008,N/A
«Анна Каренина. История Вронского»,Драма (жанр),"Шахназаров, Карен Георгиевич",Россия,2017,N/A
Анна Каренина,"Историческая драма,Романтическая драма (кино)","Райт, Джо","Великобритания,Соединённые Штаты Америки",2012,N/A
Анна Лукаста,"Фильм нуар,Мелодрама",Ирвинг Рэппер,Соединённые Штаты Америки,1949,N/A
36 безумных кулаков,"Боевик (киножанр),Комедия",Чэнь Чжихуа (страница отсутствует),Гонконг,1977,7.1
«Анна Каренина»,Драма (жанр),"Зархи, Александр Григорьевич",Союз Советских Социалистических Республик,1967,N/A
Анна и Элизабет,Драма (жанр),"Висбар, Франк",Нацистская Германия,1933,N/A
Анна,"Постапокалипсис,Антиутопия","Амманити, Никколо",Италия,2021,N/A
"Анкор, ещё анкор!",Драма (жанр),"Тодоровский, Пётр Ефимович",Россия,1992,N/A
Анна Карамазофф,Драма (жанр),"Хамдамов, Рустам Усманович","Союз Советских Социалистических Республик,Франция",1991,N/A
Анна и король,"Мелодрама,Драма (жанр),Исторический фильм","Теннант, Энди",Соединённые Штаты Америки,1999,N/A
Анна и Командор,Мелодрама,"Хринюк, Евгений Минович",Союз Советских Социалистических Республик,1974,N/A
Анискин и Фантомас,"Детективный фильм,Кинокомедия","Жаров, Михаил Иванович,Иванов, Виталий Николаевич,Рапопорт, Владимир Абрамович",Союз Советских Социалистических Республик,,N/A
Анна Бонд,"Боевик (киножанр),Мелодрама,Драма (жанр)",,Индия,2012,N/A
"Анжелика, маркиза ангелов","Мелодрама,Приключенческий фильм",,Франция,2013,N/A
Анна Кристи,Драма (жанр),"Браун, Кларенс (режиссёр)",Соединённые Штаты Америки,1930,N/A
Анклав,Драма (жанр),Горан Радованович (страница отсутствует),"Сербия,Германия",2015,N/A
Анжелика — маркиза ангелов,"Экранизация,Приключенческий фильм,Мелодрама","Бордери, Бернар","Франция,Италия,Федеративная Республика Германии (до 1990)",,N/A
Анемон,Драматический фильм,d:Q109373742,"Соединённые Штаты Америки,Великобритания",,N/A
Анима мунди,Документальный фильм,"Реджио, Годфри",Соединённые Штаты Америки,1992,N/A
Анжелика и король,"Экранизация,Приключенческий фильм,Мелодрама,Исторический фильм","Бордери, Бернар","Франция,Италия,Федеративная Республика Германии (до 1990)",1966,N/A
Анетта,,,Союз Советских Социалистических Республик,1966,N/A
Анита О’Дэй: Жизнь джазовой певицы,Документальное кино,,Кинематограф США,2007,N/A
Анемия,Драматический фильм,"Котетишвили, Тато (страница отсутствует)",Союз Советских Социалистических Республик,1987,N/A
Анжель,"Драматический фильм,d:Q52162262","Паньоль, Марсель",Франция,1934,N/A
Анжелика и султан,Приключенческий фильм,"Бордери, Бернар",,1968,N/A
Андроид,Технотриллер,,Нидерланды,2013,N/A
Андрей Рублёв,"Исторический фильм,Драма (жанр)","Тарковский, Андрей Арсеньевич",Союз Советских Социалистических Республик,1966,N/A
Анечка идёт в школу,,"Вошмик, Милан (страница отсутствует)",Чехословакия,1962,N/A
Андрокл и лев,Пеплум (жанр),"Честер Эрскин,Николас Рэй","Соединённые Штаты Америки,Великобритания",1952,N/A
Андриеш,Сказка,"Базелян, Яков Львович,Параджанов, Сергей Иосифович",Кинематограф СССР,1954,N/A
Анжелика в гневе,"Экранизация,Приключенческий фильм,Мелодрама","Бордери, Бернар","Франция,Италия,Федеративная Республика Германии (до 1990)",1965,N/A
Андерсен. Жизнь без любви,"Биографический фильм,Фильм-сказка","Рязанов, Эльдар Александрович",Россия,2006,N/A
Андрейка,Киноповесть,"Лебедев, Николай Иванович (кинорежиссёр)",Союз Советских Социалистических Республик,1958,N/A
Андре,"Приключенческий фильм,Драма (жанр),Семейный фильм","Миллер, Джордж Трамбулл",Соединённые Штаты Америки,1994,N/A
Андрей и злой чародей,"Сказка,Кинокомедия",Геннадий Харлан (страница отсутствует),СССР,1981,N/A
Андерграунд,"Военный фильм,Драматический фильм,Эксцентричная комедия,Трагикомедия,Фантасмагория (кино),Притча","Кустурица, Эмир","Франция,d:Q156516,Германия,d:Q156516,Болгария,Венгрия,d:Q156516,Чехия,Союзная Республика Югославия,Югославия",1 апреля,N/A
Анджело,,"Нароков, Михаил (страница отсутствует)",Российская Социалистическая Федеративная Советская Республика (1917—1922),1920,N/A
Андин. Хроники армянских путешествий,,Рубен Гини (страница отсутствует),"Армения,Китай,Индия,Кыргызстан,Великобритания,Мексика,Россия,Франция,Испания",2014,N/A
Андра,Приключенческий фильм,,"Испания,Соединённые Штаты Америки",1983,N/A
Андалузский пёс,"Сюрреализм,Авангард (кинематограф)","Бунюэль, Луис",Франция,6 июня,N/A
"Анджело, моя любовь",Драма (жанр),"Дюваль, Роберт",США,1983,N/A
Англичанин в Нью-Йорке,"Фильм-биография,Драма (жанр)",Ричард Лэкстон (страница отсутствует),Великобритания,2009,N/A
Ангус,Кинокомедия,Пэтрик Рид Джонсон (страница отсутствует),"Соединённые Штаты Америки,Великобритания,Германия,Франция",1995,N/A
"Англичанин, который поднялся на холм, а спустился с горы",Кинокомедия,"Монгер, Кристофер (страница отсутствует)",Великобритания,1995,N/A
"Ангус, стринги и поцелуи взасос","Кинокомедия,Драма (жанр)",Гуриндер Чадха,"Соединённые Штаты Америки,США,Великобритания,Великобритания,Австралия,Австралия",2008,N/A
Ангелы Чарли,"Приключения,Комедия,Боевик (киножанр)",Макджи,Соединённые Штаты Америки,2000,N/A
Английский цирюльник,Комедия,"Пэдди Бретнэк (страница отсутствует),en:Paddy Breathnach","Великобритания,Германия,Соединённые Штаты Америки",2001,N/A
Англия!,Драма,Ахим фон Боррис (страница отсутствует),Германия,2000,N/A
Английский пациент,,"Мингелла, Энтони",,1996,N/A
Ангельские глазки,Драма (жанр),"Хармон, Роберт (страница отсутствует)",Соединённые Штаты Америки,1991,N/A
Английский вальс,,"Лукшас, Гитис Ромуальдо (страница отсутствует)",Союз Советских Социалистических Республик,1982,N/A
Ангельское лицо,"Нуар (кино),Мелодрама,Триллер",Отто Премингер,Соединённые Штаты Америки,1952,N/A
Ангелы-хранители,Триллер,,Канада,1988,N/A
Ангелы Чарли: Только вперёд,"Боевик (киножанр),Приключенческий фильм,Кинокомедия",Макджи,Кинематограф США,2003,N/A
Ангелы падают,"Триллер,Драма (жанр),Мелодрама",,Соединённые Штаты Америки,,N/A
Ангелы смерти,"Драма (жанр),Военный фильм","Озеров, Юрий Николаевич","Россия,Сирия",1993,N/A
Ангелы с грязными лицами,"Гангстерский фильм,Драма (жанр)","Кёртис, Майкл",Соединённые Штаты Америки,1938,N/A
Ангелы у кромки поля,"Семейный фильм,Комедия","Дир, Уильям",Кинематограф США,1994,N/A
Ангелы ада,Драма (жанр),"Хьюз, Говард,Эдмунд Гулдинг,Джеймс Уэйл",Соединённые Штаты Америки,1930,N/A
Ангелы греха,Драма (жанр),"Брессон, Робер",Франция,1943,N/A
Ангелы не жужжат,Чёрная комедия,,"Россия,Сербия",2024,N/A
Ангелы революции,Романтическая драма,"Федорченко, Алексей Станиславович",Россия,2014,N/A
Ангелы Борселлино,Драма (жанр),"Чезарео, Рокко (страница отсутствует)",Италия,2003,N/A
Ангелы и насекомые,Драма (жанр),"Хаас, Филип (страница отсутствует),en:Philip Haas","Флаг США,Соединённые Штаты Америки,Флаг Великобритании,Великобритания",1995,N/A
Ангелы и демоны,"Приключения,Триллер","Ховард, Рон",Кинематограф США,2009,N/A
Ангелы ада ’69,Боевик (киножанр),,Соединённые Штаты Америки,1969,6.0
Ангелы Вселенной,Драма (жанр),Фридрик Тоур Фридрикссон,"Исландия,Германия,Дания,Швеция,Норвегия",2000,N/A
Ангелы в раю,Драматический фильм,,"Россия,Франция",1993,N/A
Ангелы ада на колёсах,Боевик (киножанр),"Раш, Ричард (режиссёр)",Соединённые Штаты Америки,1967,N/A
Ангел с ружьём,Драматический фильм,"Дамиани, Дамиано",Италия,1992,N/A
Ангел-хранитель,"Драма (жанр),Нуар,Триллер","Лорд, Жан-Себастьян (страница отсутствует)",Канада,2014,N/A
Ангел тьмы,"Боевик (киножанр),Кинофантастика",Крэйг Р. Бэксли (страница отсутствует),США,1990,N/A
Ангелов круче не бывает,Боевик (киножанр),,Соединённые Штаты Америки,1971,N/A
Ангел правого плеча,Комедийная драма,"Усмонов, Джамшед","Таджикистан,Италия,Франция",24 мая,N/A
Ангел-истребитель,Трагикомедия,"Бунюэль, Луис",Кинематограф Мексики,1962,N/A
Ангел-мститель,"Вестерн,Боевик (киножанр),Драма (жанр)",Дэвид Касс (страница отсутствует),Соединённые Штаты Америки,2007,N/A
Ангел мести,Кинокомедия,"Бёрк, Мартин (страница отсутствует),en:Martyn Burke","Кинематограф США,Кинематограф Италии",2002,N/A
Ангел-А,"Мелодрама,Комедия,Нуар (кино),Магический реализм",Люк Бессон,Франция,2005,N/A
Ангел Русской церкви против отца всех народов,Документальное кино,"Залотуха, Валерий Александрович",Россия,2005,N/A
Ангел для Сатаны,Фильм ужасов,"Мастрочинкве, Камилло",Италия,1966,N/A
Ангел на земле,Кинокомедия,"Радваньи, Геза","Германия,Франция",1959,N/A
Ангел освобождённый,Боевик (киножанр),,Соединённые Штаты Америки,1970,N/A
Ангел за моим столом,Драма (жанр),"Кэмпион, Джейн","Великобритания,Австралия",1990,N/A
Ангел в отпуске,,"Земан, Борживой","Флаг Чехословакии,Чехословакия",1953,N/A
Ангел,"Драма (жанр),Фильм-биография",,"Аргентина,Испания",2018,N/A
Ангел света,"Мистический фильм,Боевик (киножанр),Фильм ужасов",,Австралия,2007,N/A
Анатомия любви,Романтическая драма,Шана Фест (страница отсутствует),Соединённые Штаты Америки,2014,N/A
Ангел в красном,Драма (жанр),Наннэлли Джонсон,"Соединённые Штаты Америки,Италия",1960,N/A
Ангар 18,"Боевик (киножанр),Научно-фантастический фильм","Конуэй, Джеймс (страница отсутствует)",Соединённые Штаты Америки,1980,5.2
Анатомия убийства,Юридическая драма,"Премингер, Отто",Соединённые Штаты Америки,1959,N/A
Анатомия порока,Драма (жанр),"Братсмэн, Джозеф (страница отсутствует)",Соединённые Штаты Америки,2001,N/A
Ангел в горах,,"Земан, Борживой","Флаг Чехословакии,Чехословакия",1955,N/A
Анатомия Грея,Драма (жанр),Стивен Содерберг,Соединённые Штаты Америки,1996,N/A
Анатомия падения,Драма (жанр),"Трие, Жюстин",Франция,2023,N/A
Анафема,,"Гиппиус, Сергей Васильевич",Союз Советских Социалистических Республик,1960,N/A
"Анатомия протеста, Анатомия протеста-2",Документальное кино,,Россия,,N/A
Анастасия,Документальное кино,"Лисакович, Виктор Петрович",Россия,2008,N/A
Анастасия Слуцкая,Драма (жанр),Юрий Елхов,Беларусь,2003,N/A
Анастасия: Загадка Анны,"Драма (жанр),Исторический фильм","Чомски, Марвин (страница отсутствует),en:Marvin J. Chomsky","Соединённые Штаты Америки,Австрия,Италия",,N/A
Анатомия ТАТУ,Документальный фильм,"Манский, Виталий Всеволодович",Россия,2003,N/A
Ангел в тюбетейке,Кинокомедия,"Айманов, Шакен Кенжетаевич",Союз Советских Социалистических Республик,1968,N/A
Анализируй это,"Кинокомедия,Криминальный фильм","Рэмис, Гарольд",Соединённые Штаты Америки,1999,N/A
"Ананасовый экспресс: Сижу, курю","Чёрный юмор,Кинокомедия",Дэвид Гордон Грин,Кинематограф США,2008,N/A
Анаконда,"Приключенческий фильм,Фильм ужасов","Льоса, Луис",Соединённые Штаты Америки,1997,N/A
Анатомия любви 2,Драматический фильм,,Индия,2003,8.6
Анархисты,Драма (жанр),,Франция,2015,N/A
Анархистки,"Исторический фильм,Драма (жанр)","Аранда, Висенте","Испания,Италия,Бельгия",1996,N/A
Амфетамин,Драма (жанр),,Гонконг,2010,N/A
Анаконда 3: Цена эксперимента,Природный фильм ужасов (страница отсутствует),,"Соединённые Штаты Америки,Румыния",2008,7.1
Анализируй то,Комедия,"Рамис, Гарольд",Соединённые Штаты Америки,2002,N/A
"Ана, любовь моя",Драматический фильм,"Нецер, Калин Питер","Румыния,Германия,Франция",17 февраля,N/A
Ана и волки,Драма (жанр),"Саура, Карлос",Испания,1973,N/A
Анаконда 4: Кровавый след,"Природный фильм ужасов (страница отсутствует),Фэнтези",Дон Э. ФонтЛеРой,Соединённые Штаты Америки,2009,7.6
Аназапта,"Драматический фильм,Фильм-триллер",d:Q113377820,Великобритания,1 декабря,N/A
Амстердам,,"Расселл, Дэвид Оуэн",Соединённые Штаты Америки,2022,N/A
Амулет,Ужасы,Ромола Гарай,,2020,N/A
Анаконда 2: Охота за проклятой орхидеей,"Природный фильм ужасов (страница отсутствует),Приключенческий фильм",Дуайт Литтл (страница отсутствует),Соединённые Штаты Америки,9 декабря,8.6
Анатомия,Триллер,"Рузовицки, Штефан",Германия,2000,N/A
Ампир V,"Городское фэнтези,Сатира","Гинзбург, Виктор Львович",Россия,2023,8.7
Амуры,Комедия,,Кинематограф Германии,1994,N/A
Амуланга,Мелодрама,"Ясеницкий, Леонид Алексеевич (страница отсутствует)",Союз Советских Социалистических Республик,1987,N/A
Аморальный мистер Тис,Кинокомедия,"Мейер, Расс",Соединённые Штаты Америки,1959,N/A
Амур и демон,Драма (жанр),"Федюк, Николай (страница отсутствует)",Украина,1994,N/A
Амундсен,"Исторический фильм,Драма (жанр),Приключения","Сандберг, Эспен",Норвегия,2019,N/A
Аморальное поведение,"Драма (жанр),Триллер","Миллер, Джордж Трамбулл",Австралия,1993,N/A
Ампир,"Драматический фильм,Триллер","Сокуров, Александр Николаевич",Союз Советских Социалистических Республик,1986,N/A
Аммонит,"Драматический фильм,d:Q20442589","Ли, Фрэнсис (режиссёр) (страница отсутствует),en:Francis Lee (director)","Великобритания,Австралия,Соединённые Штаты Америки",2020,N/A
Аморальные истории,"Драма (жанр),Мелодрама,Эротика","Боровчик, Валериан",Франция,1974,N/A
Амнезия,Триллер,Филип Кауфман,"Соединённые Штаты Америки,Германия",2004,N/A
Амиши,,"Белтон, Дэвид (страница отсутствует),en:David Belton",Соединённые Штаты Америки,,N/A
Амрапали,"Исторический фильм,Фильм-биография,Музыкальный фильм","Тандон, Лекх",Индия,1966,N/A
Аморальный,Кинокомедия,Пьетро Джерми,"Италия,Франция",1967,N/A
Амистад,"Исторический фильм,Драма (жанр)","Спилберг, Стивен,d:Q472361",Кинематограф США,1997,N/A
Амитивилль 4: Зло спасается,"Фильм ужасов,Триллер",,Соединённые Штаты Америки,1989,7.6
Амитивилль: Новое поколение,Фильм ужасов,"Марловски, Джон (страница отсутствует)",США,1993,N/A
Аминь,Драма (жанр),Коста-Гаврас,"Франция,Германия,Румыния",2002,N/A
Америкэн бой,"Детективный фильм,Боевик (киножанр),Триллер","Квашнёв, Борис Леонидович (страница отсутствует)",Россия,1992,N/A
Американцы,Драма (жанр),"Фоули, Джеймс",США,1992,N/A
Аморальность,"Драма,Триллер,Эротика","Пирри, Массимо (страница отсутствует)",Италия,,N/A
Амитивилль 6: Вопрос времени,Фильм ужасов,"Рэндл, Тони (страница отсутствует)",Соединённые Штаты Америки,1992,7.8
Американское чтиво,"Драматический фильм,Комедийный фильм",d:Q100146356,Соединённые Штаты Америки,8 сентября,N/A
Американское общество негров-волшебников,Кинокомедия,"Либий, Коби (страница отсутствует),en:Kobi Libii",Соединённые Штаты Америки,2024,N/A
Амитивилль 3-D,"Фильм ужасов,Триллер",Ричард Флейшер,"Соединённые Штаты Америки,Мексика",1983,3.7
Американское безумие,Драматический фильм,Фрэнк Капра,Соединённые Штаты Америки,1932,N/A
Американское сердце,Драма (жанр),"Белл, Мартин (страница отсутствует)",Соединённые Штаты Америки,1992,N/A
Американский пирог представляет: Музыкальный лагерь,"Кинокомедия,Подростковый фильм,Кинокомедия,Романтическая комедия",Стив Рэш (страница отсутствует),Соединённые Штаты Америки,2005,N/A
Аламо,"Драма (жанр),Исторический фильм,Военный фильм,Вестерн","Хэнкок, Джон Ли",Соединённые Штаты Америки,2004,N/A
Американский психопат,"Сатира,Фильм ужасов","Гуаданьино, Лука",Кинематограф США,2026,N/A
Амитивилль 2: Одержимость,"Фильм ужасов,Триллер","Дамиани, Дамиано","Соединённые Штаты Америки,Мексика",1982,8.6
Американский психопат 2,"Чёрная комедия,Слэшер (жанр)",,Соединённые Штаты Америки,2002,8.6
Американский пирог представляет: Переполох в общаге,Кинокомедия,Эндрю Уоллер (страница отсутствует),"Соединённые Штаты Америки,Канада",2007,N/A
Американский солдат,Драма (жанр),Райнер Вернер Фасбиндер,"Федеративная Республика Германии (1949—1990),Федеративная Республика Германии (1949—1990)",1970,N/A
Американский самурай,Боевик (киножанр),"Ферстенберг, Сэм",США,1992,N/A
Американский пирог представляет: Правила для девочек,Кинокомедия,,Соединённые Штаты Америки,2020,N/A
Американское преступление,"Драма (жанр),Детективный фильм",,Соединённые Штаты Америки,,N/A
Американский ниндзя 5,Боевик (киножанр),Бобби Джин Леонард (страница отсутствует),Кинематограф США,1993,5.9
Американский президент,"Кинокомедия,Драма (жанр)","Райнер, Роб",Соединённые Штаты Америки,1995,N/A
Американский пирог: Все в сборе,Комедия,"Хейден Шлоссберг (страница отсутствует),Джон Харвитц (страница отсутствует)",Соединённые Штаты Америки,2012,N/A
Американский пирог представляет: Книга любви,Комедия,Джон Путч (страница отсутствует),"Соединённые Штаты Америки,Канада",2009,N/A
Американский оборотень в Лондоне,Комедийный фильм ужасов,"Лэндис, Джон","Соединённые Штаты Америки,Великобритания",1981,N/A
Американский пирог: Свадьба,Кинокомедия,"Дилан, Джесси (страница отсутствует)",Соединённые Штаты Америки,2003,N/A
Американский жиголо,Мелодрама,"Шредер, Пол",Соединённые Штаты Америки,1980,N/A
Американский пирог представляет: Голая миля,Кинокомедия,Джо Нуссбаум (страница отсутствует),"Соединённые Штаты Америки,Канада",2006,N/A
Американский ниндзя 3: Кровавая охота,Боевик (киножанр),"Сандстром, Сендрик (страница отсутствует)",Соединённые Штаты Америки,1989,7.1
Американские приключения,"Боевик (киножанр),Приключенческий фильм,Исторический фильм","Хун, Саммо,Лау Кавин (страница отсутствует),en:Lau Kar-wing",Гонконг,1997,N/A
Американский ниндзя,Боевик (киножанр),Сэм Фёрстенберг,"Соединённые Штаты Америки,Филиппины",1985,N/A
Американский дьявол,Триллер,,Соединённые Штаты Америки,2017,N/A
Американский ниндзя 4: Разрушение,Боевик (киножанр),"Сандстром, Сендрик (страница отсутствует)",Соединённые Штаты Америки,1991,7.6
Американский киборг: Стальной воин,"Боевик (киножанр),Постапокалиптика",Боаз Дэвидсон (страница отсутствует),Соединённые Штаты Америки,1993,N/A
Американский неудачник,Фильм-биография,"Братья Эрвины (страница отсутствует),en:Erwin brothers,Братья Эрвины (страница отсутствует),en:Erwin brothers",Соединённые Штаты Америки,2021,N/A
Американский дедушка,Кинокомедия,,Россия,1993,N/A
Американский ниндзя 2,Боевик (киножанр),"Фёрстенберг, Сэм",Соединённые Штаты Америки,1985,8.6
Американский боевой корабль,"Мокбастер,Научно-фантастический фильм,Боевик (киножанр),Вторжение пришельцев,Фильм-триллер,Военный фильм",d:Q51167162,Соединённые Штаты Америки,5 июля,N/A
Американский друг,Драма (жанр),"Вендерс, Вим","ФРГ,Франция",1977,N/A
Американские горки,"Криминальная драма,Триллер,Боевик (киножанр)","Стюарт, Джеб (сценарист)",Соединённые Штаты Америки,1997,N/A
Американская трагедия,Драма (жанр),"Гедрис, Марийонас Винцович",Союз Советских Социалистических Республик,,N/A
Американский грайндхаус,Документальное кино,,Соединённые Штаты Америки,2010,N/A
Американские животные,Драма (жанр),,"Кинематограф Великобритании,Кинематограф США",2018,N/A
Американские граффити,"Комедийная драма,История взросления","Лукас, Джордж",Соединённые Штаты Америки,1973,N/A
Американские детки,"Комедия,Драма (жанр)","Столберг, Джош",Кинематограф США,2005,N/A
Американские бродяги,"Комедия,Роуд-муви,Боевик (киножанр)",,Соединённые Штаты Америки,1996,N/A
Американская мечта,"Комедия,Музыка","Вайц, Пол (страница отсутствует)",Соединённые Штаты Америки,2006,N/A
Американская пастораль,Драма (жанр),"Макгрегор, Юэн",Соединённые Штаты Америки,2016,N/A
Американские молнии,"Спортивный фильм,Драматический фильм","Бэдэм, Джон",Соединённые Штаты Америки,1985,N/A
Американская интрижка,"Комедия,Драма (жанр)",,Соединённые Штаты Америки,2008,N/A
Американская сказка,"Фэнтези,Комедия",Дэвид Цукер,Соединённые Штаты Америки,2008,N/A
Американская рапсодия,"Биографический фильм,История взросления,Драматический фильм,d:Q482377",d:Q10396347,"Соединённые Штаты Америки,Венгрия",2001,N/A
Американская милашка,Роуд-муви,"Арнольд, Андреа","Великобритания,Соединённые Штаты Америки",2016,N/A
Американская история Икс,"Драма (жанр),Криминальный фильм,Инструментальная музыка,Электроакустическая музыка","Кэй, Тони (режиссёр)",Соединённые Штаты Америки,1998,N/A
Американская жестокость,"Криминальный фильм,Драматический фильм",,Соединённые Штаты Америки,2016,N/A
Американская ночь,Трагикомедия,"Трюффо, Франсуа","Франция,Италия",1973,N/A
Американская звезда,Фильм-триллер,d:Q1059776,"Соединённые Штаты Америки,Великобритания",2024,N/A
Американская Мэри,"Фильм ужасов,Триллер",,Канада,2012,N/A
Американка,Драма (жанр),,"Канада,Соединённые Штаты Америки",2019,N/A
Американская готика,,"Хаф, Джон (режиссёр) (страница отсутствует),en:John Hough (director)",,1987,N/A
Американская басня,Триллер,Энн Хэмилтон (страница отсутствует),Соединённые Штаты Америки,2016,N/A
Американец,"Драма (жанр),Криминальный фильм",Антон Корбейн,Соединённые Штаты Америки,2010,N/A
Американская девочка,"Подростковый фильм,Кинокомедия,Драматический фильм,d:Q20442589",d:Q6276394,Соединённые Штаты Америки,2002,N/A
Американизируй меня,Драма (жанр),Эдвард Джеймс Олмос,Соединённые Штаты Америки,1992,N/A
Американская дочь,"Трагикомедия,Роуд-муви","Шахназаров, Карен Георгиевич","Россия,Соединённые Штаты Америки",1995,N/A
Американец в Риме,Кинокомедия,Стено (кинорежиссёр),Италия,1954,N/A
Американец в Париже,,"Миннелли, Винсент",Соединённые Штаты Америки,1951,N/A
Американа,Драма (жанр),"Кэррадайн, Дэвид",Соединённые Штаты Америки,1983,N/A
Амаркорд,"Кинокомедия,Драма (жанр)","Феллини, Федерико","Италия,Франция",1973,N/A
Амангельды,,"Левин, Моисей Зеликович",Союз Советских Социалистических Республик,1938,N/A
"Америка, Америка","Драма (жанр),Мистика",Элиа Казан,Соединённые Штаты Америки,1963,N/A
Амели,Романтическая комедия,Жан-Пьер Жёне,Франция,2001,N/A
Американизация Эмили,,"Хиллер, Артур",Соединённые Штаты Америки,1964,N/A
Аманда и инопланетянин,"Кинофантастика,Комедия",Джон Кролл (страница отсутствует),Соединённые Штаты Америки,,N/A
Америка,Криминальная драма,Жуан Нуно Пинту (страница отсутствует),"Испания,Португалия,Россия,Бразилия",2010,N/A
Амбициозная кунгфуистка,"Боевик (киножанр),Приключенческий фильм",,Гонконг,1981,N/A
Амелия,"Фильм-биография,Драма (жанр),Мелодрама","Наир, Мира","Соединённые Штаты Америки,Канада",2009,N/A
Аманат,Драма (жанр),"Нарымбетов, Сатыбалды Жалелович",Казахстан,2015,N/A
Амазонка в огне,Приключенческий фильм,"Льоса, Луис","Перу,Соединённые Штаты Америки",1993,N/A
Амайа. Дитя вампира,"Драматический фильм,Фэнтезийный фильм,Фильм о вампирах",d:Q42206252,Флаг Испании,2021,N/A
"Амар, Акбар, Антони",Комедия,"Десаи, Манмохан (страница отсутствует),en:Manmohan Desai",Индия,1977,N/A
Альфонс,Кинокомедия,"Златоустовский, Владимир Борисович",Россия,1993,N/A
Амбивалентность,"Триллер,Драма (жанр)","Бильжо, Антон Андреевич",Россия,2019,N/A
«Аманда ночью»,,"Грейвер, Гэри",Соединённые Штаты Америки,1981,N/A
Аманда,Драматический фильм,d:Q118645718,"Италия,Франция",5 сентября,N/A
Амадей,"Биографический фильм,Историческая драма","Форман, Милош",Соединённые Штаты Америки,1984,N/A
"Аляска, сэр!",,"Ребров, Вячеслав Степанович (страница отсутствует)",Россия,1992,N/A
Амазонки на Луне,"Кинофантастика,Скетч-шоу","Джо Данте,Лэндис, Джон,Готлиб, Карл (страница отсутствует),Хортон, Питер (страница отсутствует),Уайсс, Роберт",Соединённые Штаты Америки,1987,N/A
Амаара: Песнь китов,Документальный фильм,Себастьян Йобст (страница отсутствует),Германия,2021,N/A
Аляска,Драматический фильм,d:Q3680001,"Италия,Франция",2015,N/A
Альпийская баллада,,"Степанов, Борис Михайлович (режиссёр)",Кинематограф СССР,1965,N/A
Альфавиль,"Антиутопия,Неонуар","Годар, Жан-Люк","Италия,Франция",1965,N/A
Алюминиевые человечки,"Кинокомедия,Драма (жанр)",Барри Левинсон,Соединённые Штаты Америки,1987,N/A
Амазония,"Кинокомедия,Фантастика,Приключения","Брока, Филипп де",Франция,2000,N/A
Альфа дог,"Драма (жанр),Криминальный фильм,Фильм-биография","Кассаветис, Ник",Соединённые Штаты Америки,2006,N/A
"Альфредо, Альфредо",Кинокомедия,"Джерми, Пьетро",Италия,1972,N/A
Альма и Оскар,"Драматический фильм,Биографический фильм",,"Австрия,Германия,Швейцария,Чехия",20 ноября,N/A
Альтамира,"Фильм-биография,Драма (жанр),Исторический фильм","Хадсон, Хью",Испания,2016,N/A
Альрауне,"Драма (жанр),Кинофантастика","Галеен, Хенрик",Кинематограф Германии,1928,N/A
Альфа,"Исторический фильм,Боевик (киножанр),Триллер",Братья Хьюз,Соединённые Штаты Америки,2018,N/A
Альба Регия,"Драма (жанр),Военный фильм","Семеш, Михай (страница отсутствует),hu:Szemes Mihály",Венгрия,1961,N/A
Алый час,Фильм нуар,Майкл Кёртис,Соединённые Штаты Америки,1956,N/A
"Альманах сатиры и юмора, выпуск №1","Комедия,Комедия","Белинский, Александр Аркадьевич,Е.Ануфрев (страница отсутствует)","Союз Советских Социалистических Республик,Союз Советских Социалистических Республик",1980,8.2
Альпы,Драма (жанр),"Лантимос, Йоргос",Греция,2011,N/A
Альбино Аллигатор,"Неонуар,Криминальный фильм,Драматический фильм","Спейси, Кевин","Франция,Соединённые Штаты Америки",1996,N/A
Алый первоцвет,"Приключенческий фильм,Фильм плаща и шпаги","Янг, Харольд (режиссёр)",Великобритания,1934,N/A
Алый знак доблести,"Драма (жанр),Военный фильм,Вестерн",,Соединённые Штаты Америки,,N/A
Алые паруса,"Документальное кино,Комедия",,Чехия,2001,N/A
Аль-Кадисия,Историческая драма,"Абу Сейф, Салах","Флаг Египта,Флаг Ирака",1981,N/A
Алые розы,"Кинокомедия,Экранизация","Амато, Джузеппе,Де Сика, Витторио","Флаг Италии (1861—1946),Италия",1940,N/A
Алый камень,,"Исаков, Валерий Трофимович",Союз Советских Социалистических Республик,1986,N/A
Алчность,"Мистика,Драма (жанр)","Штрогейм, Эрих фон",Соединённые Штаты Америки,1924,N/A
Аль Капоне,"Гангстерский фильм,Фильм-биография","Уилсон, Ричард (режиссёр)",Соединённые Штаты Америки,1959,N/A
Алмас,Драма (жанр),"Ага-Рза Кулиев,Брагинский, Григорий Маркович","Союз Советских Социалистических Республик,Азербайджанская Советская Социалистическая Республика",1936,N/A
Алпамыс идёт в школу,,"Карсакбаев, Абдулла",Союз Советских Социалистических Республик,1976,N/A
Америка 3000,Постапокалиптика,Дэвид Энгельбах (страница отсутствует),"Флаг США,Соединённые Штаты Америки",1986,6.0
Алые погоны,"Детский фильм,Военный фильм","Гойда, Олег Васильевич (страница отсутствует)",Союз Советских Социалистических Республик,1979,N/A
"Алукарда, дочь тьмы","Фильм ужасов,Эротический фильм",,Кинематограф Мексики,1977,N/A
Алхимик,Фэнтези,Яцек Копрович (страница отсутствует),Польша,1989,N/A
Алое и чёрное,Драма (жанр),"Лондон, Джерри (страница отсутствует)","Соединённые Штаты Америки,Великобритания,Италия",1983,N/A
Алоха,"Драма (жанр),Кинокомедия,Мелодрама","Кроу, Кэмерон",Соединённые Штаты Америки,2015,N/A
Алмания — Добро пожаловать в Германию,"Драматический фильм,Комедийная драма,Кинокомедия",d:Q90892,Германия,12 февраля,N/A
"Алло, колл-центр слушает!",Мелодрама,"Атул Агнихотри (страница отсутствует),en:Atul Agnihotri",Индия,2008,N/A
Алмазная тропа,Драма (жанр),"Хмельницкий, Владимир Ильич","Союз Советских Социалистических Республик,Федеративная Республика Германии (1949—1990)",1978,N/A
Алые маки Иссык-Куля,"Истерн,Боевик","Шамшиев, Болотбек Толенович",Союз Советских Социалистических Республик,1971,N/A
Алхимики,,"Астрахан, Дмитрий Хананович","Россия,Болгария,Беларусь",2000,N/A
"Алло, Варшава!",,"Воронцов, Ольгерд Риксович (страница отсутствует)",Союз Советских Социалистических Республик,1971,N/A
Аллилуйя,Драматический фильм,d:Q3063860,"Франция,Бельгия",2014,N/A
Алмазы,Драма (жанр),"Правов, Иван Константинович,Оленин, Александр Борисович (страница отсутствует)",Кинематограф СССР,1947,N/A
Алмаз,Документальный фильм,,Кыргызстан,,N/A
Аллея кошмаров,"Триллер,Нуар,Драма (жанр)","Дель Торо, Гильермо","Соединённые Штаты Америки,Мексика",2021,N/A
Алмаз Брахмы,Драматический фильм,Дэвид Уорк Гриффит,Соединённые Штаты Америки,1909,N/A
Аллен против Фэрроу,Телевизионный документальный фильм,"d:Q1742430,d:Q4749469",Соединённые Штаты Америки,2021,N/A
Аллигатор по имени Дэйзи,Комедия,Джей Ли Томпсон,Великобритания,1955,N/A
Алитет уходит в горы,Драма (жанр),"Донской, Марк Семёнович",Кинематограф СССР,1949,N/A
Аллея чудес,Драма (жанр),"Фонс, Хорхе (страница отсутствует)",Мексика,1995,N/A
Алишер Навои,Драма (жанр),"Ярматов, Камиль Ярматович",Союз Советских Социалистических Республик,1947,N/A
Аллан Куотермейн и потерянный город золота,"Приключенческий фильм,Боевик (киножанр),Кинокомедия","Нельсон, Гэри (страница отсутствует),en:Gary Nelson (director)",Кинематограф США,1986,N/A
Аллажар,Драма (жанр),Калдыбай Абенов (страница отсутствует),Казахстан,,N/A
Алита: Боевой ангел,"Антиутопия,Боевик (киножанр),Киберпанк,Симфоническая музыка,Электронная музыка","Родригес, Роберт",Соединённые Штаты Америки,2019,N/A
Аллегро,"Драма (жанр),Фантастический фильм",Кристоффер Боэ,Дания,2005,N/A
Аллегро с огнём,"Военный фильм,Драма (жанр)","Стрелков, Владимир Вячеславович",Союз Советских Социалистических Республик,1980,N/A
"Алкали, Айова",Драма (жанр),,США,1996,N/A
Алиса на море,Кинокомедия,,Соединённые Штаты Америки,1924,N/A
"Алиса, или Последний побег","Драма (жанр),Мистический фильм,Триллер","Шаброль, Клод",Франция,1977,N/A
Аллигатор 2: Мутация,Фильм ужасов,Джон Хесс (страница отсутствует),США,1991,8.6
Алиса и укус пчелы,Кинокомедия,"Дисней, Уолт",Соединённые Штаты Америки,1925,N/A
Аллигатор,Фильм ужасов,Льюис Тиг (страница отсутствует),Соединённые Штаты Америки,14 ноября,N/A
Алла Пугачёва. Тот самый концерт,,Филипп Григорьян,Россия,2019,N/A
Алиса здесь больше не живёт,"Драма,Романтика,Трагикомедия","Скорсезе, Мартин",Кинематограф США,1974,N/A
Алишань,Документальный фильм,"Чанг, Юнг (страница отсутствует)",Канада,2009,N/A
Алиса и Букинист,"Мелодрама,Приключенческий фильм","Рудаков, Алексей Петрович (страница отсутствует)",Россия,1992,N/A
Алиса в Стране чудес,"Оркестр,Классическая музыка,Поп-музыка","Бёртон, Тим",Соединённые Штаты Америки,2010,N/A
Алиса в Зазеркалье,"Фэнтези,Приключенческий фильм,Семейный фильм,Оркестр,Поп-рок","Бобин, Джеймс (страница отсутствует),en:James Bobin",Соединённые Штаты Америки,2016,N/A
Алим — крымский разбойник,Драма (жанр),"Висковский, Вячеслав Казимирович",Российская империя,1,N/A
Алиби Сокола,"Детективный фильм,Комедия","Маккэйри, Рэй (страница отсутствует)",Соединённые Штаты Америки,1946,N/A
Али Джи в парламенте,"Фарс,Кинокомедия,Сатира","Майлод, Марк","Великобритания,Соединённые Штаты Америки,Франция",2002,N/A
Алим,"Немой кинематограф,Драматический фильм","Тасин, Георгий Николаевич",Союз Советских Социалистических Республик,1926,N/A
Алиса в городах,Драма (жанр),"Вендерс, Вим",Германия,1974,N/A
Али-баба и 40 разбойников,"Приключенческий фильм,Фильм-сказка","Сегундо де Шомон,Фернан Зекка",Франция,1902,7.1
"Али, рули!","Боевик (киножанр),Кинокомедия,Бадди-муви","Даус, Майкл (страница отсутствует)",Соединённые Штаты Америки,2019,N/A
Алиби,"Кинокомедия,Драма (жанр),Мелодрама",,Соединённые Штаты Америки,2006,N/A
Алиса,Криминальный фильм,d:Q20899938,Франция,1998,N/A
Али-Баба против семи сарацинов,Приключенческий фильм,"Сальви, Эмиммо (страница отсутствует)",Италия,1964,N/A
Алёша-доброволец,,"Глаголин, Борис Сергеевич",Российская империя,1914,N/A
Алёшкина охота,,Яков Базелян,Союз Советских Социалистических Республик,1965,N/A
Алёшкина любовь,Мелодрама,"Туманов, Семён Исаевич,Щукин, Георгий Борисович",Союз Советских Социалистических Республик,1960,N/A
Алёша Птицын вырабатывает характер,"Кинокомедия,Детство","Граник, Анатолий Михайлович",Кинематограф СССР,1953,N/A
Али-Баба и сорок разбойников,,"Хоми Вадия (страница отсутствует),en:Homi Wadia",Индия,1966,N/A
Али и Нино,Драматический фильм,,"Азербайджан,Великобритания",2016,N/A
Алёша,"Драма (жанр),Мелодрама","Обухов, Виктор Викторович",Союз Советских Социалистических Республик,1980,N/A
Алжир,,"Кромвелл, Джон",Соединённые Штаты Америки,1938,N/A
Али,"Драма (жанр),Фильм-биография,Спортивный фильм","Манн, Майкл",Соединённые Штаты Америки,2001,N/A
Александра,Драма (жанр),Александр Сокуров,Россия,2007,N/A
Аленький цветочек,"Фильм-сказка,d:Q52162262","Поволоцкая, Ирина Игоревна",Союз Советских Социалистических Республик,1977,N/A
Александр Невский,"Киноэпопея,Драма (жанр),Военный фильм,Исторический фильм","Эйзенштейн, Сергей Михайлович,Васильев, Дмитрий Иванович",Союз Советских Социалистических Республик,1938,N/A
Александр Пархоменко,,"Луков, Леонид Давидович",Кинематограф СССР,1942,N/A
Алексеич,,"Салдадзе, Людмила Григорьевна",Флаг СССР,1970,N/A
Алёнка,Комедия,"Барнет, Борис Васильевич",Союз Советских Социалистических Республик,1961,N/A
Алёнка из Почитанки,,"Русаков, Сергей Валентинович (страница отсутствует)",Россия,2014,N/A
Александр. Невская битва,"Исторический фильм,Боевик (киножанр)","Калёнов, Игорь Евгеньевич",Россия,2008,N/A
Алеко,,"Сиделёв, Сергей Ильич",Союз Советских Социалистических Республик,1953,N/A
Александр Великий,"Пеплум (жанр),Байопик","Россен, Роберт","Соединённые Штаты Америки,Испания",1956,N/A
"Александр и ужасный, кошмарный, нехороший, очень плохой день","Кинокомедия,d:Q15104217,Детское кино,Экранизация","Артета, Мигель",Соединённые Штаты Америки,2014,N/A
Александр Попов,Биографический фильм,"Раппапорт, Герберт Морицович,Эйсымонт, Виктор Владиславович",Союз Советских Социалистических Республик,1949,N/A
Алджи-золотоискатель,"Кинокомедия,Мелодрама","Уоррен, Эдвард (страница отсутствует)",Соединённые Штаты Америки,1912,N/A
Александр,"Биография,Драма (жанр),Исторический фильм,Пеплум (жанр)","Стоун, Оливер","Франция,Германия,Великобритания,Италия,Соединённые Штаты Америки,Нидерланды",2004,N/A
Александр Маленький,"Драма (жанр),Военный фильм","Фокин, Владимир Петрович","Союз Советских Социалистических Республик,Германская Демократическая Республика",1981,N/A
Алая женщина,Кинокомедия,Жан Валер (страница отсутствует),"Франция,Италия",1969,N/A
Алекс и Эмма,"Кинокомедия,Мелодрама","Райнер, Роб",Соединённые Штаты Америки,2003,N/A
Аладдин,"Кинокомедия,Музыкальный фильм,Фэнтези,Приключенческий фильм,Мелодрама","Ричи, Гай",Соединённые Штаты Америки,2019,N/A
Алая Роза,,,Франция,1951,N/A
Албанец,"Драматический фильм,Романтический фильм","d:Q2370675,d:Q1192128","Германия,Албания",2010,N/A
Алая роза,"Криминальный фильм,Фильм-драма,Нуар (кино)",Умэцугу Иноуэ,Япония,1963,N/A
Акулий торнадо,"Фильм-катастрофа,Фильм ужасов,Кинофантастика,Комедия",Энтони Ферранте,Соединённые Штаты Америки,2013,N/A
Алавердоба,Притча,"Шенгелая, Георгий Николаевич",Союз Советских Социалистических Республик,1962,N/A
Алая камелия,,Ёситаро Номура,Япония,1964,N/A
Алголь. Трагедия силы,"Фантастика,Драма (жанр)",Ханс Веркмайст (страница отсутствует),Германия,1920,N/A
Акулий торнадо 5: Глобальное роение,"Кинокомедия,Кинофантастика,Фильм ужасов,Фильм-катастрофа","Ферранте, Энтони",Соединённые Штаты Америки,2017,5.9
Акулы,"Боевик (киножанр),Фильм ужасов,Триллер",Боб Мисиоровски (страница отсутствует),"Соединённые Штаты Америки,Израиль,Южно-Африканская Республика",1999,N/A
Акты насилия,"Боевик (киножанр),Приключенческий фильм",Бретт Доноху (страница отсутствует),"Канада,Соединённые Штаты Америки",2018,N/A
Акула-монстр,"Боевик (киножанр),Фильм ужасов,Триллер","Бава, Ламберто","Италия,Франция",1984,N/A
Актриса,"Мелодрама,Кинокомедия,Военный фильм","Трауберг, Леонид Захарович",Союз Советских Социалистических Республик,1942,N/A
Акция,Военный фильм,"Шамшурин, Владимир Георгиевич",Кинематограф СССР,1987,N/A
Акулий торнадо 3,"Кинокомедия,Кинофантастика,Фильм ужасов,Фильм-катастрофа","Ферранте, Энтони",Соединённые Штаты Америки,2015,7.1
Актрисы,Драматический фильм,,Республика Корея,2009,N/A
Акулосьминог,"Фильм ужасов,Фантастика,Боевик (киножанр),Комедия (жанр)","О’Брайен, Деклан",Соединённые Штаты Америки,2010,N/A
Актриса и трансильванцы,Вестерн,"Верою, Мирча",Социалистическая Республика Румыния,1979,N/A
Акула-робот,"Фантастика,Кинокомедия,Боевик (жанр),Триллер",,"Флаг Канады,Флаг Болгарии",2015,N/A
Акт убийства,"Документальный фильм,Исторический фильм","Оппенхаймер, Джошуа","Великобритания,Дания,Норвегия",2012,N/A
Акт агрессии,"Криминальный фильм,Драма (жанр)","Пирес, Жерар","Франция,Италия",1975,N/A
Акулий торнадо 4: Пробуждение,"Кинокомедия,Кинофантастика,Фильм ужасов,Фильм-катастрофа","Ферранте, Энтони",Соединённые Штаты Америки,2016,7.6
Актёры,,,"Великобритания,Германия,Ирландия",2003,N/A
Акселератка,Эксцентрическая комедия,"Коренев, Алексей Александрович",Союз Советских Социалистических Республик,1987,N/A
Аксели и Элина,"Драма (жанр),Исторический фильм","Лайне, Эдвин",Финляндия,1970,N/A
Акулий торнадо 2: Второй по счёту,"Фильм ужасов,Комедия,Фантастика,Трэш",Энтони Ферранте,Соединённые Штаты Америки,2014,8.6
Актер Йоллер,,"Аруоя, Вирве Александровна",Союз Советских Социалистических Республик,1960,N/A
Активная зона,Драматический фильм,"Пчёлкин, Леонид","Флаг СССР,СССР",1979,N/A
Аккомпаниаторша,"Драма (жанр),Военный фильм","Миллер, Клод","Флаг Франции,Франция",1992,N/A
Акробатическая смесь,"Хроника,Короткометражный фильм","Складановский, Макс",Германская империя,1895,N/A
Акт насилия,"Фильм нуар,Драма (жанр)",Фред Циннеман,Соединённые Штаты Америки,1948,N/A
Аквариум,Драма (жанр),Андреа Арнольд,Великобритания,2009,N/A
Акт,"Мелодрама,Детектив","Рогожкин, Александр Владимирович",Россия,1993,N/A
Акванавты,Кинофантастика,"Вознесенский, Игорь Матвеевич",Союз Советских Социалистических Республик,1979,N/A
"Акмаль, дракон и принцесса",Сказка,"Степчук, Юрий Степанович",Союз Советских Социалистических Республик,1981,N/A
Акварель,Драма (жанр),"Иоселиани, Отар Давидович",Союз Советских Социалистических Республик,1958,N/A
Аквамен и потерянное царство,,"Ван, Джеймс",Соединённые Штаты Америки,22 декабря,N/A
"Аквариум, или Одиночество шпиона","Драма (жанр),Боевик (киножанр)",,"Германия,Польша,Украина",1996,N/A
Академия смерти,"Драма (жанр),Военный фильм","Ганзель, Деннис",Кинематограф Германии,2004,N/A
Аккордеонист,Документальное кино,"Лепренс, Луи",Великобритания,1888,N/A
Акваланги на дне,"Детектив,Приключенческий фильм","Шерстобитов, Евгений Фирсович",Союз Советских Социалистических Республик,1965,N/A
Аккатоне,Драма (жанр),"Пазолини, Пьер Паоло",Италия,1961,N/A
Аккумулятор 1,"Фантастика,Комедия","Сверак, Ян",Чехия,1994,8.2
Акварели,Мелодрама,,Соединённые Штаты Америки,2008,N/A
Аккорды долгой жизни,"Биографический фильм,Драма (жанр),Комедия,Мюзикл",Анар Рзаев,Кинематограф СССР,1981,N/A
Аквамен,,"Ван, Джеймс",Кинематограф США,2018,N/A
Академия вампиров,"Фэнтезийный фильм,Комедийный фильм ужасов,Фэнтезийный фильм,d:Q13217284,Подростковый фильм,Фильм о вампирах,d:Q52207399,Боевик (киножанр),Фильм-тайна,Мелодрама (киножанр)","Уотерс, Марк","Соединённые Штаты Америки,Великобритания",2014,N/A
Академия пана Кляксы,Киносказка,"Градовский, Кшиштоф (страница отсутствует)","Союз Советских Социалистических Республик,Польша",1983,N/A
Аквамарин,"Фэнтези,Кинокомедия,Семейный фильм","Аллен, Элизабет","Австралия,Соединённые Штаты Америки",2006,N/A
Академия Рашмор,"Кинокомедия,Драма (жанр)","Андерсон, Уэс",Соединённые Штаты Америки,1998,N/A
Айша,Романтическая комедия,d:Q7286439,Индия,2010,N/A
Айна,"Драматический фильм,Исторический фильм",Алты Карлиев,Кинематограф СССР,1959,N/A
Академик из Аскании,Биографический фильм,"Герасимов, Владимир Иванович (режиссёр)",Кинематограф СССР,1961,N/A
Айсберг,"Фильм-катастрофа,Боевик (киножанр),Приключенческий фильм",Шейн Ван Дайк (страница отсутствует),Соединённые Штаты Америки,2010,N/A
Айя,,"Брасла, Варис",Союз Советских Социалистических Республик,1987,N/A
Акации,Драматический фильм,Пабло Джорджелли (страница отсутствует),"Аргентина,Испания",2011,N/A
Айрис,Драма (жанр),Ричард Айр,"Великобритания,Соединённые Штаты Америки",2001,N/A
Айвенго,Приключенческий фильм,"Кэмфилд, Дуглас (страница отсутствует)","Соединённые Штаты Америки,Великобритания",,N/A
Айседора,Драма (жанр),"Рейш, Карел",Великобритания,1968,N/A
Айла,Драма (жанр),"Улкай, Джан (страница отсутствует)","Турция,Республика Корея",2017,N/A
Айрик,Мелодрама (киножанр),"Малян, Генрих Суренович",Союз Советских Социалистических Республик,1972,N/A
Академик Иван Павлов,"Биографический фильм,Драма (жанр)","Рошаль, Григорий Львович",Союз Советских Социалистических Республик,1949,N/A
Айлин,"d:Q109733304,d:Q52207399",d:Q42329429,"Соединённые Штаты Америки,Великобритания",2023,N/A
Айта,"Драматический фильм,Триллер",,Россия,2022,N/A
Айк: Обратный отсчёт,,"Хэрмон, Роберт (страница отсутствует)",Соединённые Штаты Америки,,N/A
Айви,,Сэм Вуд,Соединённые Штаты Америки,1947,N/A
Айка,Драма (жанр),"Дворцевой, Сергей Владимирович","Казахстан,Россия,Германия,Китай,Польша",18 мая,N/A
Аида,,,Италия,1911,N/A
Айболит-66,"Музыкальный фильм,Кинокомедия,Приключенческий фильм,Артхаус,Фильм-сказка","Быков, Ролан Антонович",Союз Советских Социалистических Республик,1966,N/A
Аист,"Драма,Притча","Жереги, Валерий Исаевич",Союз Советских Социалистических Республик,1978,N/A
Айгюн,Мелодрама,Кямиль Рустамбеков,"Союз Советских Социалистических Республик,Азербайджанская Советская Социалистическая Республика",1960,N/A
Аир,"Драматический фильм,d:Q52162262","Вайда, Анджей",Польша,2009,N/A
Азартные игры,"Триллер,Драма (жанр)","Франкенхаймер, Джон",Соединённые Штаты Америки,2000,N/A
Азамат,Драматический фильм,,Кинематограф СССР,1939,N/A
Азор,Драма (киножанр),Бакич Видяй,Россия,2018,N/A
Азартная игра,Драма (жанр),"Фридкин, Уильям",США,1994,N/A
Азбука смерти,"Ужасы,Комедия,Мистика,Боевик (киножанр),Драма (жанр)",,Кинематограф США,2012,N/A
Адский переплёт,"Фильм-нуар,Триллер",Уильям Дж. Хоул-младший (страница отсутствует),Соединённые Штаты Америки,1957,N/A
Азарт любви,"Музыкальный фильм,Драматический фильм,Боевик (киножанр)",,Индия,2000,N/A
Азбука футбола,Кинокомедия,Холли Голдберг Слоан (страница отсутствует),Соединённые Штаты Америки,1995,N/A
Адский остров,Нуар,"Карлсон, Фил",Соединённые Штаты Америки,1955,N/A
Азиатский связной,Боевик (киножанр),,"Таиланд,Соединённые Штаты Америки",2016,N/A
Азирис Нуна,Кинофантастика,"Компасов, Олег Юрьевич (страница отсутствует)",Россия,2006,N/A
Адский небоскрёб,"Кинокомедия,Кинопародия",Шарль Немес (страница отсутствует),Франция,2001,N/A
Адский котёл,Фильм ужасов,"Мельес, Жорж",Франция,1903,N/A
Азбука любви,Мелодрама,Леонс Перре (страница отсутствует),Соединённые Штаты Америки,1919,N/A
Азарт удачи,Кинокомедия,Билли Уайлдер,Соединённые Штаты Америки,1966,N/A
Адская поездка,"Боевик (киножанр),Триллер,Приключения",,Кинематограф США,2008,N/A
Адский ветряк,Боевик (киножанр),"Лу Цзюньгу (страница отсутствует),Тони Вон",Гонконг,1979,N/A
Адская кухня,"Криминальный фильм,Драматический фильм",,Соединённые Штаты Америки,1998,N/A
Адский бункер: Черное солнце,"Боевик (киножанр),Фильм ужасов",Стив Баркер (страница отсутствует),Великобритания,2012,N/A
Адская месть-2. Кровавые крылья,Фильм ужасов,Джефф Барр (страница отсутствует),США,1994,N/A
Адская ночь,,"Де Саймон, Том (страница отсутствует),en:Tom DeSimone",Кинематограф США,1981,N/A
Адреналин: Страх погони,"Боевик (киножанр),Кинофантастика",Альберт Пьюн,Соединённые Штаты Америки,1996,N/A
Адский бункер,"Боевик (киножанр),Фильм ужасов","Баркер, Стив (страница отсутствует)",Великобритания,2008,N/A
Адский бункер: Восстание спецназа,"Боевик (киножанр),Фильм ужасов",Киран Паркер (страница отсутствует),Великобритания,2013,N/A
Адрес Ленина,,"Петров, Владимир Михайлович (режиссёр)",Союз Советских Социалистических Республик,1929,N/A
Адрес вашего дома,"Военный фильм,Драматический фильм,Приключенческий фильм","Хринюк, Евгений Минович",Союз Советских Социалистических Республик,1972,N/A
Адреналин,"Боевик (киножанр),Триллер,Криминал,Чёрная комедия","Невелдайн, Марк,Тейлор, Брайан (кинорежиссёр)",Соединённые Штаты Америки,2006,N/A
Адреналин 2: Высокое напряжение,"Боевик (киножанр),Криминал,Триллер,Чёрная комедия,Эксплуатационное кино,Поп-рок,Альтернативный рок,Саундтрек","Марк Невелдайн,Тейлор, Брайан (кинорежиссёр)",Кинематограф США,2009,8.6
Адская жёнушка,Кинокомедия,"Лейн, Джеймс (страница отсутствует),Джонс, Дональд (страница отсутствует)",Соединённые Штаты Америки,1993,N/A
Адмиралъ,"Исторический фильм,Военный фильм,Приключенческий фильм,Мелодрама,Драма","Кравчук, Андрей Юрьевич","Россия,Франция,Китай",2008,N/A
Адрес неизвестен,Комедийная драма,"Ле Шануа, Жан-Поль",Кинематограф Франции,1950,N/A
Адмирал,"Байопик,Военный фильм,Исторический фильм,Драма (жанр)",Роэль Рейн (страница отсутствует),Нидерланды,2015,N/A
Адмирал Ушаков,,"Ромм, Михаил Ильич",Союз Советских Социалистических Республик,1953,N/A
Адаптация,"Трагикомедия,Музыка к фильму","Джонз, Спайк",Соединённые Штаты Америки,2002,N/A
Аджами,Драма (жанр),"Скандар Копти (страница отсутствует),Ярон Шани (страница отсутствует)","Израиль,Германия",2009,N/A
Адвокат дьявола,"Фильм ужасов,Триллер,Драма (жанр)","Хэкфорд, Тейлор",Соединённые Штаты Америки,,N/A
Адам и Хева,,"Коренев, Алексей Александрович",Союз Советских Социалистических Республик,1969,N/A
Административная власть,"Романтический фильм,Драматический фильм","Уайз, Роберт",Соединённые Штаты Америки,1954,N/A
Адемай на пограничном посту,Кинокомедия,Поль Коллин (страница отсутствует),Франция,1950,N/A
Ад по соседству,"Драматический фильм,Фильм ужасов,Фильм-триллер",d:Q99973596,Соединённые Штаты Америки,2019,N/A
Адвокат,Драма (жанр),Уильям Уайлер,Соединённые Штаты Америки,1933,N/A
Адмирал Нахимов,Исторический фильм,"Пудовкин, Всеволод Илларионович",Союз Советских Социалистических Республик,1946,N/A
Адела ещё не ужинала,"Кинокомедия,Детектив","Липский, Олдржих",Чехословакия,1977,N/A
Адамовы яблоки,"Кинокомедия,Драма (жанр),Криминальный фильм","Йенсен, Андерс Томас","Дания,Германия",2005,N/A
Ад Танжера,Драма (жанр),,Бельгия,2006,N/A
Адам и Стив,Кинокомедия,,Соединённые Штаты Америки,2005,N/A
Адам хочет быть человеком,Драма (жанр),"Жалакявичюс, Витаутас Пранович",Союз Советских Социалистических Республик,1959,N/A
Ада! Это же неудобно!,Кинокомедия,"Том, Конрад",Польша,1936,N/A
Ад каннибалов 3,"Ужасы,Приключения","Деодато, Руджеро",Италия,1977,7.1
Адажио,d:Q3907193,"Соллима, Стефано",Италия,2023,N/A
Ад каннибалов,Ужасы,"Деодато, Руджеро",Италия,1980,N/A
Адам,"Драма (жанр),Мелодрама",,Соединённые Штаты Америки,2009,N/A
"Ад, или Досье на самого себя",Драматический фильм,"Беглов, Геннадий Александрович",Кинематограф СССР,1989,N/A
Адам женится на Еве,"Драматический фильм,Кинокомедия","Титов, Виктор Абросимович",Союз Советских Социалистических Республик,1980,N/A
Ад и небо,"Кинофантастика,Кинокомедия","Ружевич, Станислав",Польша,1966,N/A
Ад в поднебесье,Фильм-катастрофа,"Гиллермин, Джон",Соединённые Штаты Америки,1974,N/A
Ад — это город,Криминальный фильм,Вэл Гест,Великобритания,1960,N/A
Агония,"Исторический фильм,Драматический фильм","Климов, Элем Германович",Кинематограф СССР,1981,N/A
Ад,Драма (жанр),Клод Шаброль,Франция,1994,N/A
Ад живых мертвецов,Фильм ужасов,"Маттеи, Бруно,Фрагассо, Клаудио","Италия,Испания",1980,N/A
Ад в Тихом океане,"Приключенческий фильм,Боевик (киножанр)","Бурмен, Джон",Соединённые Штаты Америки,1968,N/A
Агенты А.Н.К.Л.,Боевик (жанр),"Ричи, Гай",Соединённые Штаты Америки,2015,N/A
Ад в заливе Фриско,Нуар,"Таттл, Фрэнк",Соединённые Штаты Америки,1956,N/A
"Агирре, гнев Божий","Драма (жанр),Приключенческий фильм","Херцог, Вернер","Федеративная Республика Германии (1949—1990),Федеративная Республика Германии (1949—1990)",1972,N/A
Агрессивные дамочки / Нападения 5-футовых женщин,"Кинокомедия,Пародия","Джули Браун,Ричард Уэнк (страница отсутствует)",Соединённые Штаты Америки,1994,5.9
Агнесса Божья,"Драма (жанр),Триллер","Джуисон, Норман",Соединённые Штаты Америки,1985,N/A
Агент под прикрытием,"Криминальный фильм,Комедийный боевик",,Соединённые Штаты Америки,2013,N/A
Агитбригада «Бей врага!»,"Комедия,Драма (жанр)","Мельников, Виталий Вячеславович",Россия,2007,N/A
Агора,"Биография,Драма (жанр),Приключенческий фильм,Исторический фильм,Пеплум (жанр)",Алехандро Аменабар,"Испания,Мальта,Португалия,Франция,Соединённые Штаты Америки",2009,N/A
Агенты КГБ тоже влюбляются,Комедия положений,Себастьян Аларкон,"Флаг СССР,СССР",1991,N/A
Агенты Сокол и Снеговик,"Драма (жанр),Триллер","Шлезингер, Джон","Великобритания,Соединённые Штаты Америки",1985,N/A
Агенты казначейства,Нуар (кино),Энтони Манн,Соединённые Штаты Америки,1947,N/A
Агнец,"Драма (жанр),Фолк-хоррор",,"Исландия,Швеция,Польша",2021,N/A
Агент особого назначения,Детектив,"Константин Статский (страница отсутствует),Наталья Шабанова (страница отсутствует),Андрей Элинсон (страница отсутствует)",Россия,,N/A
Агент Джонни Инглиш 3.0,"Кинокомедия,Пародия,Боевик (киножанр)",,"Кинематограф Великобритании,Кинематограф Франции",2018,7.1
Агент Коди Бэнкс,"Комедия,Пародия,Боевик (киножанр)","Цварт, Харальд (страница отсутствует),en:Harald Zwart",Соединённые Штаты Америки,2003,N/A
Агент секретной службы,"Детектив,Шпионский фильм,Драматический фильм",,Кинематограф СССР,1978,N/A
Агент-невидимка,"Фильм ужасов,Фантастический фильм",Эдвин Л. Марин,Соединённые Штаты Америки,1942,N/A
Агент по имени Далила,Триллер,Ричард Франклин,"Флаг США,США",1992,N/A
Агент Ева,,Тейт Тейлор,Соединённые Штаты Америки,25 сентября,N/A
Агент Джонни Инглиш: Перезагрузка,,"Паркер, Оливер",,2011,N/A
Агент,Боевик (киножанр),"Норрис, Аарон",Соединённые Штаты Америки,1991,N/A
Агент Джонни Инглиш,"Комедия,Боевик (киножанр)",,"Великобритания,Франция,Соединённые Штаты Америки",2003,N/A
Агент Коди Бэнкс 2: Пункт назначения - Лондон,Комедия,,Соединённые Штаты Америки,2004,8.6
Агент по кличке Спот,"Боевик (киножанр),Кинокомедия",Джон Уайтселл (страница отсутствует),Соединённые Штаты Америки,2001,N/A
Автострада,"Фильм ужасов,Триллер,Мистический фильм","Гаррис, Мик",Соединённые Штаты Америки,,N/A
Автостоп,"Мелодрама (жанр),Комедийная драма","Михалков, Никита Сергеевич","Союз Советских Социалистических Республик,Италия,Швейцария",1990,N/A
Агент Картер,"Короткометражный фильм,Боевик (киножанр),Приключенческий фильм,Научная фантастика в кинематографе",,Соединённые Штаты Америки,2013,N/A
Автостопом по галактике,"Приключенческий фильм,Кинокомедия,Кинофантастика",Гарт Дженнингс,"Великобритания,Соединённые Штаты Америки",28 апреля,N/A
Агата,"Драма (жанр),Триллер","Эптед, Майкл",Великобритания,1979,N/A
Автора! Автора!,Мелодрама,"Хиллер, Артур",Кинематограф США,1982,N/A
Авторитет,"Blaxploitation,Драма (жанр),Боевик (киножанр)","Дикерсон, Эрнест",Соединённые Штаты Америки,1992,N/A
Автор,,,"Испания,Мексика",2017,N/A
Авторитеты,Супергеройский фильм,,Кинематограф США,,N/A
"Автомобиль, скрипка и собака Клякса","Кинокомедия,Музыкальный фильм,Фильм-сказка","Быков, Ролан Антонович",Союз Советских Социалистических Республик,1974,N/A
Автопробег «Париж — Нью-Йорк»,,"Мельес, Жорж","Франция,Нью-Йорк (штат),Германия,Российская империя,Сибирь",1908,N/A
Автомобильные воры,Драма (жанр),"Блэктон, Джеймс Стюарт",Соединённые Штаты Америки,1,N/A
Автопортрет неизвестного,Драматический фильм,"Криштофович, Вячеслав Сигизмундович",Союз Советских Социалистических Республик,1988,N/A
Автокатастрофа,"Драма (жанр),Триллер","Кроненберг, Дэвид","Канада,d:Q839133,Великобритания",17 мая,N/A
Автомобиль,"Фильм ужасов,Фильм-тайна,Фильм-триллер",d:Q289055,Соединённые Штаты Америки,13 мая,N/A
Автомобиль на крыше,,"Кесаянц, Дмитрий Гагикович",Союз Советских Социалистических Республик,1980,N/A
Автомат,Документальное кино,,Соединённые Штаты Америки,2021,N/A
"Автомобили, которые съели Париж","Фильм ужасов,Кинокомедия",Питер Уир,Австралия,1974,N/A
Автобан,Боевик (киножанр),"Эрен Криви (страница отсутствует),en:Eran Creevy","Германия,Соединённые Штаты Америки,Великобритания",2016,N/A
Австрийка,"Драма (жанр),Исторический фильм","Гранье-Дефер, Пьер",Франция,1989,N/A
Автобус,Кинокомедия,"Скоуэн, Арне",Норвегия,1961,N/A
Автобус отходит в 6.20,"Драма (жанр),Соцреализм","Рыбковский, Ян",Польша,1954,5.5
Австрийское поле,Драматический фильм,"Черных, Андрей Васильевич (страница отсутствует)",Кинематограф СССР,1991,N/A
Агент 117:,"Кинокомедия,Боевик (киножанр),Поп-музыка,Фолк,Джаз","Хазанавичус, Мишель",Франция,2006,7.0
Автобусная остановка,"Кинокомедия,Драматический фильм","Логан, Джошуа",Соединённые Штаты Америки,1956,N/A
Агент 117: Из Африки с любовью,"Шпионский фильм,Кинокомедия","Бедос, Николя",Франция,2021,7.0
Аве Мария,"Драма (жанр),Мелодрама","Ефименко, Людмила Филипповна",Украина,1999,N/A
Австралия,"Эпос,Драма (жанр)","Лурман, Баз","Австралия,Соединённые Штаты Америки,Великобритания",26 ноября,N/A
Август. Восьмого,"Военный фильм,Боевик (жанр),Драма (жанр)","Файзиев, Джахонгир Хабибуллаевич",Россия,2012,N/A
Аве Цезарь,Комедия,Энтони Майкл Холл,Соединённые Штаты Америки,1994,N/A
Августовская рапсодия,Драма (жанр),"Куросава, Акира",Япония,1991,N/A
Август: Графство Осейдж,Драма,"Уэллс, Джон (продюсер)",Соединённые Штаты Америки,2013,N/A
«Аврора»,"Драма (жанр),Мелодрама","Байрак, Оксана Ивановна",Украина,2006,N/A
Авдотья Павловна,"Киноповесть,Драматический фильм,Социальная драма","Муратов, Александр Игоревич",Кинематограф СССР,1966,N/A
Агент 117: Миссия в Рио,"Кинокомедия,Боевик (киножанр)","Хазанавичус, Мишель",Франция,2009,7.0
Августовские киты,Драма (жанр),Линдсей Андерсон,Соединённые Штаты Америки,1987,N/A
Август без императора,"Драма (фильм),Триллер",Сацуо Ямамото,Япония,1978,N/A
Август Раш,"Драма (жанр),Мелодрама","Шеридан, Кирстен",Соединённые Штаты Америки,2007,N/A
Аватар,Драма (жанр),"Галлоне, Кармине",Королевство Италия (1861—1946),1916,N/A
Аватар: Огонь и пепел,"Эпический фильм,Научно-фантастический фильм,Боевик (киножанр),Приключенческий фильм,Фэнтези","Кэмерон, Джеймс",Кинематограф США,2025,N/A
«Аватар: Путь воды»,,"Кэмерон, Джеймс",Кинематограф США,2022,N/A
Август,"Кинокомедия,Драма (жанр)",Энтони Хопкинс,Великобритания,1996,N/A
Аватар 4,"Эпический фильм,Научно-фантастический фильм,Боевик (киножанр),Приключенческий фильм,Фэнтези","Кэмерон, Джеймс",Кинематограф США,2029,7.6
Авария,Триллер,"Мостоу, Джонатан",Соединённые Штаты Америки,1997,N/A
Авария!,Ужасы,,США,1976,N/A
Аварийный выход,Кинокомедия,Роман Залуски (страница отсутствует),Польша,1982,N/A
Авария (Несчастный случай),Боевик (киножанр),"Николаеску, Серджиу",Румыния,1976,N/A
Авангард: Арктические волки,Боевик (киножанр),Стэнли Тонг,Китай,2020,N/A
"Аватар, или Замена душ","Кинофантастика,Драма (жанр)","Маевский, Януш",Польша,1964,N/A
Авария — дочь мента,Драматический фильм,"Туманишвили, Михаил Иосифович",Кинематограф СССР,1989,N/A
Авантюристы,Приключенческий фильм,,Россия,2014,N/A
Авантюра леди Хелен,Короткометражное кино,"Гриффит, Дэвид Уорк",Кинематограф США,1909,N/A
Аванти!,Кинокомедия,"Уайлдер, Билли","Соединённые Штаты Америки,Италия",1972,N/A
Абсолютная власть,"Драма (жанр),Триллер,Детектив",,Соединённые Штаты Америки,2016,N/A
Авантюра,,"Макаров, Виталий Игнатьевич (страница отсутствует)","Россия,Украина",1995,N/A
Абу Райхан Беруни,Драматический фильм,Шухрат Аббасов,Кинематограф СССР,1974,N/A
Аванпост,"Фильм-триллер,Постапокалиптический фильм,Научно-фантастический фильм","Баранов, Егор Геннадьевич",Россия,2019,N/A
Абсолон,Фантастический боевик (жанр) (страница отсутствует),Дэвид Барто (страница отсутствует),"Великобритания,Канада",2003,N/A
Авантюрист,"Драма (жанр),Приключенческий фильм","Чжан Пэйчэн (страница отсутствует),zh:張佩成",Китайская Республика (Тайвань),1976,N/A
Авалон,Драма (жанр),"Левинсон, Барри",Соединённые Штаты Америки,1990,N/A
Ава,Драма (жанр),"Мисиус, Леа (страница отсутствует),fr:Léa Mysius",Франция,2017,N/A
Абсурдистан,Комедия,Файт Хельмер (страница отсутствует),"Германия,Азербайджан",2008,N/A
Абсолютные новички,"Драма (жанр),Фэнтези,Мелодрама,Мюзикл","Темпл, Джулиен (страница отсутствует),en:Julien Temple","Великобритания,Австралия",1986,N/A
"Абраксас, хранитель Вселенной",Боевик (киножанр),"Ли, Дэмьен (страница отсутствует)",США,1991,N/A
"Аборт: Истории, рассказанные женщинами",Документальное кино,,,2016,N/A
Абсолютная сотня,"Криминальный фильм,Драма (жанр),Боевик (киножанр),Триллер",Срджан Голубович,Союзная Республика Югославия,2001,N/A
Аббатство Даунтон: Новая эра,Историческая драма,"Кёртис, Саймон (режиссёр) (страница отсутствует),en:Simon Curtis (filmmaker)","Великобритания,Соединённые Штаты Америки",2022,N/A
Абрикосовые рощи,,Пуриа Хейдари Урех (страница отсутствует),Армения,2016,N/A
Абориген,Драматический фильм,"Николаева, Елена Владиславовна",Кинематограф СССР,1988,N/A
Абесалом и Этери,"Опера,Драматический фильм,Романтический фильм",Леонард Эсакия,"Грузинская Советская Социалистическая Республика,Грузинская ССР",1966,N/A
"Абдулладжан, или Посвящается Стивену Спилбергу","Фантастический фильм,Комедия",Зульфикар Мусаков,Союз Советских Социалистических Республик,1991,N/A
А у нас была тишина...,Военная драма,"Шамшурин, Владимир Георгиевич",Кинематограф СССР,1977,N/A
Абитуриентка,Драматический фильм,"Мишурин, Алексей Александрович",Кинематограф СССР,1973,N/A
Аафат,Криминальный триллер,d:Q55647621,Индия,1977,N/A
Аббатство Даунтон,Драма (жанр),"Энглер, Майкл (страница отсутствует),en:Michael Engler",Великобритания,2019,N/A
Аббат Шаолиня,"Боевик (киножанр),Приключенческий фильм","Хэ Мэнхуа (страница отсутствует),en:Ho Meng Hua",Гонконг,1979,N/A
Абель,Кинокомедия,Алекс ван Вармердам,Нидерланды,1986,N/A
Аббатство Даунтон 3,,"Кёртис, Саймон (режиссёр) (страница отсутствует),en:Simon Curtis (filmmaker)","Великобритания,Соединённые Штаты Америки",2025,7.1
А у вас который час?,Драма (жанр),Цай Минлян,Китайская Республика (Тайвань),2001,N/A
Абдулла Арипов,"Исторический фильм,Биографический фильм",,Узбекистан,2023,N/A
А теперь суди…,Драматический фильм,"Довгань, Владимир Захарович",Союз Советских Социалистических Республик,1966,N/A
«А чой-то ты во фраке?»,"Комедия,Мюзикл","Райхельгауз, Иосиф Леонидович","Россия,Россия",1993,N/A
А счастье рядом,Мелодрама,Маргарита Касымова,"Кинематограф СССР,Таджикская Советская Социалистическая Республика",1978,N/A
Абатуар. Лабиринт страха,Фильм ужасов,"Боусман, Даррен Линн",Соединённые Штаты Америки,2016,N/A
А зори здесь тихие…,,Ренат Давлетьяров,Россия,2015,N/A
"А теперь, дамы и господа","Криминальный фильм,Драма (жанр),Мелодрама,Триллер",Клод Лелуш,"Франция,Великобритания",2002,N/A
Монти Пайтон: а теперь нечто совсем другое,Кинокомедия,"Макнафтон, Иан (страница отсутствует)",Великобритания,1971,N/A
А пароходы гудят и уходят…,,d:Q20508963,Союз Советских Социалистических Республик,1972,N/A
А поутру они проснулись,"Кинокомедия,Драматический фильм","Никоненко, Сергей Петрович",Россия,2003,N/A
"А ну-ка, дедушки!",,"Ненова, Нинель Тодоровна,Цулая, Гено Ясонович","Союз Советских Социалистических Республик,Флаг Болгарии,Народная Республика Болгария",1981,N/A
А теперь не смотри,Мистический триллер (страница отсутствует),"Роуг, Николас","Великобритания,Италия",1973,N/A
А как же Боб?,Кинокомедия,"Оз, Фрэнк",Соединённые Штаты Америки,1991,N/A
А защищал её Плевако,Драма (жанр),,Российская империя,1916,N/A
…А зори здесь тихие,"Драма (жанр),Военный фильм,Экранизация","Ростоцкий, Станислав Иосифович",Союз Советских Социалистических Республик,1972,N/A
А завтра весь мир,Драматический фильм,Юлия фон Хайнц (страница отсутствует),"Флаг Германии,Флаг Франции",2020,N/A
А потом мы танцевали,Драма (киножанр),"Акин, Леван",,2019,N/A
А если это любовь?,Драма (жанр),"Райзман, Юлий Яковлевич",Кинематограф СССР,1961,N/A
«3096 дней»,Драма (жанр),"Хорман, Шерри",Германия,2013,6.5
А вот и гости!,"Кинокомедия,Драма (жанр),Семейный фильм,Фэнтези",Дэвид Йейтс,Великобритания,2003,N/A
А Йинг,Драматический фильм,"Фон, Аллен",Гонконг,1983,N/A
А вот и Лола,Романтическая комедия,"Эллен Сидлер (страница отсутствует),Мэган Силер (страница отсутствует)",Кинематограф США,2009,N/A
А кто я на этот раз?,,"Демми, Джонатан",США,1983,N/A
А в душе я танцую,Драма (жанр),"О'Доннелл, Дэмиен","Кинематограф Великобритании,Кинематограф Ирландии,Кинематограф Франции",2004,N/A
А вот и Полли,Комедия,Джон Гамбург (страница отсутствует),Соединённые Штаты Америки,2004,N/A
2046,"Драма (жанр),Мелодрама,Кинофантастика",Вонг Карвай,"Китай,Гонконг",2004,7.4
А был ли Каротин,"Детективный фильм,Кинокомедия","Полока, Геннадий Иванович",Союз Советских Социалистических Республик,1989,N/A
2036: Происхождение неизвестно,Научная фантастика,,Великобритания,2018,4.3
А вот и Хаггетты,"Комедийный фильм,Драматический фильм",Кен Эннакин,Великобритания,1948,N/A
А вы любили когда-нибудь?,Музыкальная комедия,"Усов, Игорь Владимирович",Союз Советских Социалистических Республик,1973,N/A
2012: Ледниковый период,"Научно-фантастический фильм,Фильм-катастрофа",,Соединённые Штаты Америки,2011,5.8
2019: После падения Нью-Йорка,"Боевик (киножанр),Фильм ужасов,Кинофантастика,Постапокалиптика","Мартино, Серджо","Франция,Италия",1983,5.5
7500,"Триллер,Боевик (киножанр)",,"Соединённые Штаты Америки,Австрия,Германия",2019,6.3
2199: Космическая одиссея,"Боевик (киножанр),Постапокалиптика,Космическая опера,Драма (жанр)","Ямадзаки, Такаси (страница отсутствует)",Япония,2010,8.1
2009: Утраченные воспоминания,"Альтернативная история,Кинофантастика,Боевик (киножанр),Триллер",Ли Щи-мён (страница отсутствует),"Флаг Республики Корея,Южная Корея,Флаг Японии,Япония",2002,6.1
3000 миль до Грейслэнда,"Драма (жанр),Комедия,Криминальная драма,Триллер",Дэмиен Лихтенштайн (страница отсутствует),США,2001,6.0
2012,"Научно-фантастический фильм,Фильм-катастрофа","Эммерих, Роланд",Соединённые Штаты Америки,2009,5.8
2001 маньяк,Комедия ужасов,Тим Салливан (страница отсутствует),Соединённые Штаты Америки,2005,8.3
2067: Петля времени,,,Австралия,2020,4.9
2001 маньяк: Территория криков,"Кинокомедия,Фильм ужасов","Салливан, Тим (страница отсутствует),en:Tim Sullivan (director)",Кинематограф США,2010,8.3
2081,"Кинофантастика,Антиутопия",Чендлер Таттл (страница отсутствует),Соединённые Штаты Америки,2009,6.9
1991: Год прорыва панка,Документальное кино,,Соединённые Штаты Америки,1992,7.3
1990: Воины Бронкса,"Боевик (киножанр),Антиутопия",,Италия,1982,5.2
2050,"Научно-фантастический фильм,Драматический фильм",,Соединённые Штаты Америки,2018,3.9
«1984»,Реклама,Ридли Скотт,США,1984,5.4
2030 — Восстание молодых немцев,"Фантастика,Драма",Йорг Людорф (страница отсутствует),Германия,2011,3.8
1993,Драматический фильм,"Велединский, Александр Алексеевич",Россия,2023,7.5
1941,"Военный фильм,Кинокомедия","Спилберг, Стивен",Соединённые Штаты Америки,1979,5.8
2036: Nexus Dawn,"Антиутопический фильм,Научно-фантастический фильм,Киберпанк","Скотт, Люк",Соединённые Штаты Америки,30 августа,6.9
1984,Антиутопия,"Рэдфорд, Майкл",Великобритания,1984,7.1
1812: Уланская баллада,"Приключенческий фильм,Исторический фильм","Фесенко, Олег Феликсович (страница отсутствует)",Россия,2012,8.3
1917,"Военный фильм,Драма (жанр)","Мендес, Сэм","Великобритания,Соединённые Штаты Америки",2019,8.2
1941. Крылья над Берлином,"Биографический фильм,Мелодрама",,Россия,2022,5.8
1939,Драма (жанр),"Поляков, Стивен",Великобритания,2009,6.1
1812 год,"Драма (жанр),Исторический фильм","Гончаров, Василий Михайлович,Кай Ганзен (страница отсутствует),Александр Уральский (страница отсутствует)",Российская империя,1912,8.3
1971,Документальное кино,"Гамильтон, Джоанна (страница отсутствует)",Соединённые Штаты Америки,2014,8.2
1242: Врата на Запад,,d:Q56390802,Венгрия,2023,N/A
1860,Драма (жанр),"Блазетти, Алессандро",Италия,1934,7.7
1922,"Криминальная драма,Триллер",,Соединённые Штаты Америки,2017,6.2
1812,"Документальное кино,Драма (жанр)",,Россия,,5.6
1944,"Военный фильм,Драма (жанр)","Нюганен, Эльмо","Эстония,Финляндия",2015,7.0
1500 шагов,Драма (жанр),"Рейд, Джош (страница отсутствует)",Австралия,2014,6.4
1612,Приключенческий фильм,"Хотиненко, Владимир Иванович",Россия,2007,5.6
1408,"Психологические ужасы,Триллер,Мистический фильм,Психоделика,Драматический фильм","Хофстрём, Микаэль",Соединённые Штаты Америки,2007,6.8
1492: Завоевание рая,"Драма (жанр),Исторический фильм","Скотт, Ридли","Соединённые Штаты Америки,США,Франция,Франция,Испания,Испания,Великобритания,Великобритания",1992,6.4
1210,Драма (жанр),Арсений Гончуков,"Флаг России,Россия",2012,6.2
600 миль,Драматический фильм,d:Q22443163,Мексика,6 февраля,5.5
711 Оушен Драйв,Фильм нуар,Джозеф М. Ньюман,Соединённые Штаты Америки,1950,6.8
1040,Документальное кино,Эван Джексон Леонг (страница отсутствует),Соединённые Штаты Америки,,N/A
900 незабываемых дней,"Документальный фильм,Пропагандистский фильм","Соловцов, Валерий Михайлович",Союз Советских Социалистических Республик,1964,6.2
1002-ая ночь,Музыкальный фильм,Мукадас Махмудов,Союз Советских Социалистических Республик,1964,8.6
900 дней.,Документальный фильм,,"Флаг Нидерландов,Нидерланды",2011,6.2
500 дней лета,"Романтический фильм,Комедийная драма","Уэбб, Марк",Соединённые Штаты Америки,2009,7.7
713-й просит посадку,"Драма (жанр),Триллер,Приключенческий фильм,Фильм-катастрофа","Никулин, Григорий Георгиевич (старший)",Кинематограф СССР,1962,6.7
977,"Кинофантастика,Драма (жанр)","Хомерики, Николай Феликсович",Россия,2006,5.6
300 спартанцев,"Эпический фильм,Исторический фильм,Боевик (киножанр)","Снайдер, Зак",Соединённые Штаты Америки,2006,7.6
300 спартанцев: Расцвет империи,"Эпический фильм,Исторический фильм,Боевик (киножанр)",,Соединённые Штаты Америки,6,7.6
800 пуль,Драма (жанр),"Иглесия, Алекс де ла",Испания,2002,7.1
800 льё вниз по Амазонке,Приключенческий фильм,"Льоса, Луис","Перу,Соединённые Штаты Америки",1993,7.1
451° по Фаренгейту,Антиутопия,"Трюффо, Франсуа","Франция,Великобритания",23 декабря,7.2
451 градус по Фаренгейту,"Драматический фильм,d:Q15062348,Научно-фантастический фильм,d:Q52207399","Бахрани, Рамин",Соединённые Штаты Америки,,7.2
"301, 302","Триллер,Фильм ужасов,Детектив","Пак Чхоль Су (страница отсутствует),en:Park Chul-soo",Республика Корея,1995,6.4
365 дней,,"Барбара Бяловонс (страница отсутствует),Томаш Мандес (страница отсутствует)",Польша,2020,3.3
317-й взвод,"Военный фильм,Драматический фильм","Шёндёрффер, Пьер","Франция,Испания",1964,3.7
120 ударов в минуту,"Драматический фильм,d:Q20442589","Кампийо, Робен",Франция,2017,5.8
247 градусов по Фаренгейту,Фильм ужасов,,"Соединённые Штаты Америки,Грузия",2011,4.8
200 сигарет,"Кинокомедия,Драма (жанр),Мелодрама",,Соединённые Штаты Америки,1999,6.0
109-й идёт без остановок,Фильм-катастрофа,"Сато, Дзюнъя",Япония,1975,6.6
128 ударов сердца в минуту,Драма (жанр),Макс Джозеф (страница отсутствует),"Соединённые Штаты Америки,Франция,Великобритания",2015,7.4
187,"Драма (жанр),Триллер","Рейнольдс, Кевин (режиссёр)","Соединённые Штаты Америки,США",1997,N/A
102 далматинца,Комедия,"Лима, Кевин",Соединённые Штаты Америки,2000,4.8
127 часов,"Драма (жанр),Триллер","Бойл, Дэнни","Соединённые Штаты Америки,Великобритания",2010,7.5
101-й километр,Драма (жанр),"Марягин, Леонид Георгиевич",Россия,2001,5.7
130 детей,Документальное кино,d:Q117440236,,2022,N/A
101 далматинец,"Семейный фильм,Кинокомедия,Приключенческий фильм","Херек, Стивен",Соединённые Штаты Америки,1996,5.7
100 футов,,Эрик Ред,Соединённые Штаты Америки,2008,7.5
101 Рейс,Биография,,Узбекистан,,5.7
100 проблем и девушка,Кинокомедия,d:Q55433646,Соединённые Штаты Америки,2000,7.5
101 Рейкьявик,Романтическая комедия,Балтазар Кормакур,"Кинематограф Исландии,Кинематограф Дании,Кинематограф Норвегии,Кинематограф Франции",2000,5.7
100 слёз,Фильм ужасов,,Соединённые Штаты Америки,2007,7.5
100 дней с Мистером Высокомерие,"Романтическая кинокомедия,Мелодрама",d:Q50822088,Республика Корея,2004,7.5
99 франков,"Кинокомедия,Драма (жанр)","Кунен, Ян",Франция,2007,7.1
99 домов,Драматический фильм,"Бахрани, Рамин",Соединённые Штаты Америки,2014,7.1
99 женщин,"Драма (жанр),Триллер,Фильм ужасов","Франко, Хесус","Великобритания,Италия,Испания,Федеративная Республика Германии (1949—1990),Федеративная Республика Германии (1949—1990),Лихтенштейн",1969,7.1
100 миллионов евро,Комедия,Оливье Барру,Франция,2011,7.5
100 девчонок и одна в лифте,Комедия,"Дэвис, Майкл (режиссёр)",Соединённые Штаты Америки,2000,7.5
100 лет,Научная фантастика,"Родригес, Роберт",Франция,,7.5
100 метров,"Драма (жанр),Кинокомедия",Марсель Баррена (страница отсутствует),"Испания,Португалия",2016,7.5
72 часа,"Военный фильм,Драматический фильм","Ангелина, Кира Васильевна (страница отсутствует)",Россия,2015,7.0
100 всадников,"Исторический фильм,Приключенческий фильм",,"Италия,Испания,Федеративная Республика Германии (1949—1990),Федеративная Республика Германии (1949—1990)",1964,7.5
100 вещей и ничего лишнего,Кинокомедия,d:Q87432,Германия,2018,7.5
71: В огне,"Боевик (киножанр),Драма (жанр),Военный фильм","Ли Джэ Хан (страница отсутствует),ko:이재한 (영화 감독)","Республика Корея,Кинематограф Республики Корея",2010,7.2
80 миллионов,"Драма (жанр),Боевик (киножанр),Исторический фильм","Кшистек, Вальдемар",Польша,2011,5.9
99,Криминальный фильм,Майкл Кёртис,,1918,7.3
72 метра,"Фильм-катастрофа,Драма (жанр),Трагикомедия","Хотиненко, Владимир Иванович",Россия,2004,7.0
71,"Исторический фильм,Драма (жанр)","Деманж, Ян",Великобритания,2014,7.2
71 фрагмент хронологии случайностей,Драма (жанр),"Ханеке, Михаэль","Австрия,Германия",1994,7.2
55 дней в Пекине,"Драма (жанр),Исторический фильм,Военный фильм","Рэй, Николас",Соединённые Штаты Америки,1963,6.7
65,"Научно-фантастический фильм,Остросюжетный боевик",Скотт Бек и Брайан Вудс (страница отсутствует),Соединённые Штаты Америки,2023,5.4
69 (Шестьдесят девять),"Комедия,Криминальный фильм","Ратанаруанг, Пен-Ек",Таиланд,1999,6.0
92 ядерных взрыва на планете Земля,Документальное кино,"Гринуэй, Питер",,2010,7.9
50 первых поцелуев,Романтическая комедия,"Сигал, Питер",Соединённые Штаты Америки,2004,6.8
88 минут,Триллер,"Эвнет, Джон","Соединённые Штаты Америки,Канада,Германия",2007,5.9
55,Документальный фильм,"Михалков, Никита Сергеевич",Россия,2007,6.7
50 оттенков голубого,Драма (жанр),,Новая Зеландия,2005,6.8
40-я дверь,Драма (жанр),"Гулиев, Эльчин Мусаоглу",Азербайджан,2009,7.1
49 дней,"Драматический фильм,Приключенческий фильм","Габай, Генрих Саулович",Кинематограф СССР,1962,6.5
"50 ютуберов борются за $1,000,000 для своих подписчиков!",,,,13 июля,N/A
2 дурня в снегу,Комедия,"Гийерму, Жан-Луи",Франция,1977,8.6
47 ронинов,"Фэнтези,Боевик (киножанр),Драма (жанр)",,"Соединённые Штаты Америки,Япония",2013,6.2
50 таблеток,Драма,"Эвгерино, Тео (страница отсутствует)",Соединённые Штаты Америки,2006,6.8
2 дня в Париже,"Комедия,Драма (жанр),Мелодрама","Дельпи, Жюли","Франция,Германия",2007,8.6
3: История Дейла Эрнхардта,"Фильм-биография,Спортивный фильм,Драма (жанр)","Малкэхи, Рассел",Соединённые Штаты Америки,,7.1
90 минут на небесах,Драма (жанр),,Кинематограф США,2015,8.4
31-й километр,"Ужасы,Мистика",Ригоберто Кастаньеда (страница отсутствует),"Мексика,Испания",2006,5.1
31 июня,"Музыкальный фильм,Мюзикл,Фэнтези","Квинихидзе, Леонид Александрович",Союз Советских Социалистических Республик,,5.1
51,"Кинофантастика,Фильм ужасов","Коннери, Джейсон",Соединённые Штаты Америки,2011,3.5
 ,"Драматический фильм,Мелодрама","Вильнёв, Дени",Канада,1998,N/A
2 Girls 1 Cup,"Порнофильм,d:Q20442589",d:Q65113410,Бразилия,5 января,6.4
45-й калибр,Драма (жанр),Гари Леннон (страница отсутствует),Соединённые Штаты Америки,2006,7.1
45 лет,Фильм-драма,"Хэйг, Эндрю (страница отсутствует),en:Andrew Haigh",Великобритания,2015,7.1
31,Фильм ужасов,Роб Зомби,Соединённые Штаты Америки,2016,5.1
2:22,Триллер,"Карри, Пол (страница отсутствует),en:Paul Currie (director)","Соединённые Штаты Америки,Австралия",2017,5.7
2+1,Музыка к фильму,"Желен, Юго",,2016,5.9
30 дней ночи: Тёмные времена,"Триллер,Фильм ужасов",Бен Кетай (страница отсутствует),Соединённые Штаты Америки,2010,6.3
30 ночей паранормального явления с одержимой девушкой с татуировкой дракона,"Кинокомедия,Фильм ужасов",Крэйг Мосс (страница отсутствует),Соединённые Штаты Америки,2012,6.3
29-я улица,"Комедия,Драма (жанр)","Галло, Джордж",Соединённые Штаты Америки,1991,6.9
32 декабря,"Кинокомедия,Кинофантастика,Мелодрама","Муратов, Александр Александрович (режиссёр)",Россия,2004,5.6
29 пальм,"Драма (жанр),Роуд-муви","Дюмон, Брюно","Франция,Германия,Соединённые Штаты Америки",2003,6.9
29 Километр,"Драма (жанр),Музыкальный фильм",Леонид Андронов (страница отсутствует),Россия,2012,6.9
28 дней спустя,"Постапокалиптика,Фильм ужасов,Музыка к фильму","Бойл, Дэнни",Великобритания,2002,7.5
28 недель спустя,"Постапокалиптика,Фильм ужасов","Фреснадильо, Хуан Карлос","Великобритания,Соединённые Штаты Америки,Испания",2007,7.5
28 лет спустя. Часть II: Костяной храм,"Постапокалиптика,Фильм ужасов",d:Q61995088,,16 января,N/A
30 свиданий,"Комедия,Мелодрама","Игуменцева, Таисия Юрьевна",Россия,2016,6.3
28 лет спустя,"Постапокалиптика,Фильм ужасов","Бойл, Дэнни","Великобритания,Соединённые Штаты Америки",2025,7.5
30 безумных желаний,Независимый кинематограф,d:Q71276822,Соединённые Штаты Америки,2018,6.3
28 дней,"Драма (жанр),Кинокомедия","Томас, Бетти",Соединённые Штаты Америки,2000,7.5
27 свадеб,Романтическая комедия,"Флетчер, Энн",Соединённые Штаты Америки,2008,6.1
27 украденных поцелуев,"Кинокомедия,Драма (жанр),Мелодрама","Джорджадзе, Нана Гивиевна","Грузия,Франция,Германия,Россия",2000,6.1
27-й день,Научная фантастика в кинематографе,Уильям Эшер,Соединённые Штаты Америки,1957,6.1
27 Секунд памяти,Документальное кино,"Качалин, Иван Сергеевич","Россия,Чехия,Нидерланды",2019,6.1
30 дней ночи,Фильм о вампирах,"Слейд, Дэвид",Соединённые Штаты Америки,16 октября,6.3
21 и больше,Кинокомедия,,Соединённые Штаты Америки,2013,7.2
22 мили,"Боевик (жанр),Триллер (жанр)","Берг, Питер",Соединённые Штаты Америки,2018,7.0
30 Rock: A XXX Parody,Порнофильм,,Соединённые Штаты Америки,2009,6.5
21 мост,"Драма (жанр),Триллер,Детектив","Кирк, Брайан",Соединённые Штаты Америки,2019,7.2
"23 - Всё не то, чем кажется","Триллер,Драма (жанр)",Ганс-Христиан Шмидт (страница отсутствует),Германия,1998,6.4
30 дней до рассвета,"Фильм ужасов,Комедия",Андерс Банке,Швеция,2006,6.3
22 минуты,Боевик (киножанр),"Сериков, Василий Александрович (страница отсутствует)",Россия,2014,7.0
21 ночь с Патти,,Братья Ларье,Франция,2015,7.2
21 грамм,Драма (жанр),"Гонсалес Иньярриту, Алехандро",Кинематограф США,2003,7.2
"22 июня, ровно в 4 часа…",Драматический фильм,Борис Галкин,Россия,1992,N/A
22 июля,Драма (жанр),"Гринграсс, Пол",Соединённые Штаты Америки,2018,7.0
24 часа из жизни женщины,Кинокомедия,"Савока, Нэнси",Соединённые Штаты Америки,1999,8.4
24 часа: Искупление,"Боевик (киножанр),Драматический фильм,Музыка к фильму","Кассар, Джон","Южно-Африканская Республика,Соединённые Штаты Америки",,8.4
25 ватт,Комедийная драма,"Ребелья, Хуан Пабло",Уругвай,2001,7.0
25-й час,"Детективный фильм,Драма (жанр)","Ли, Спайк",Соединённые Штаты Америки,2002,7.0
22 пули: Бессмертный,"Триллер,Детективный фильм","Берри, Ришар",Франция,2010,7.0
20 тысяч разновидностей пчёл,"Драматический фильм,d:Q20442589",d:Q111993425,Испания,2023,5.8
20 сигарет,"Драма (жанр),Комедия","Горновский, Александр Васильевич (страница отсутствует)",Россия,2007,5.8
20 дней в Мариуполе,"Документальное кино,Военный фильм","Чернов, Мстислав Андреевич",Украина,2023,5.8
20 миллионов миль до Земли,"Научно-фантастический фильм,Фильм о монстрах,Фильм-катастрофа,Приключенческий фильм,Фэнтезийный фильм,Фильм-триллер,Фильм ужасов","Юран, Натан","Соединённые Штаты Америки,Италия,Федеративная Республика Германии (1949—1990)",1957,5.8
20-е декабря,Исторический фильм,"Никулин, Григорий Георгиевич (старший)",Союз Советских Социалистических Республик,,5.8
24 недели,Драматический фильм,d:Q21511808,Германия,22 сентября,8.4
20 сантиметров,"Комедия,Мюзикл",Рамон Саласар,"Испания,Франция",2005,5.8
18-летняя девственница,Комедия,Тамара Олсон (страница отсутствует),США,2008,5.2
24 кадра,Драматический фильм,"Киаростами, Аббас","Иран,Франция",2017,8.4
16 желаний,"Подростковый фильм,Фэнтезийная комедия","Делуиз, Питер",Соединённые Штаты Америки,,6.6
24 часа,Триллер,"Мандоки, Луис (страница отсутствует)","Соединённые Штаты Америки,Германия",2002,8.4
18 килогерц,Драма (жанр),Фархат Шарипов,"Флаг Казахстана,Казахстан",2020,5.2
18 бронзовых бойцов,"Боевик (киножанр),Драма (жанр)","Го, Джозеф (страница отсутствует),en:Joseph Kuo","Гонконг,Китайская Республика (Тайвань)",1,5.2
24-25 не возвращается,"Детективный фильм,Драматический фильм","Бренч, Алоиз Алоизович,Горяев, Ростислав Аркадьевич",Союз Советских Социалистических Республик,1968,5.9
«17 девушек»,,,Франция,2011,6.4
16 кварталов,"Детективный фильм,Драма (жанр),Триллер",Ричард Доннер,Соединённые Штаты Америки,2006,6.6
18 мая,,"Ким Джи Хун (режиссёр) (страница отсутствует),en:Kim Ji-hoon (director)",Республика Корея,2007,5.2
15 минут славы,"Криминальная драма,Боевик (киножанр)","Херцфелд, Джон (страница отсутствует)",Кинематограф США,2001,6.1
15 августа,Кинокомедия,"Алессандрен, Патрик (страница отсутствует)",Кинематограф Франции,2001,6.1
14+,Мелодрама,"Зайцев, Андрей Евгеньевич",Россия,2015,N/A
14 амазонок,"Приключенческий фильм,Драма (жанр),Военный фильм","Чэн Ган (страница отсутствует),Дун Шаоюн (страница отсутствует)",Гонконг,1972,7.7
20 000 лье под водой,"Криминальный фильм,Драма (жанр),Триллер",Род Харди (страница отсутствует),Соединённые Штаты Америки,1997,5.4
14 клинков,"Боевик (киножанр),Триллер","Ли, Дэниел (режиссёр)","Гонконг,Китай",2010,7.7
14 июля,Кинокомедия,Рене Клер,Франция,1933,7.7
14+: Продолжение,Мелодрама,"Зайцев, Андрей Евгеньевич",Россия,2023,7.7
13-й район: Кирпичные особняки,Боевик (киножанр),Камиль Деламарр (страница отсутствует),"Франция,Канада,Соединённые Штаты Америки",2014,7.5
13-й район,Боевик (киножанр),"Морель, Пьер (кинематографист)",Франция,2004,7.5
13 часов: Тайные солдаты Бенгази,"Военный фильм,Драма (жанр),Триллер","Бэй, Майкл",Соединённые Штаты Америки,2016,7.5
20 000 лет в Синг-Синге,Криминальная драма,Майкл Кёртис,Соединённые Штаты Америки,1932,5.4
13-я жертва,Ужасы,"Хаус, Мел (страница отсутствует),en:Mel House",Соединённые Штаты Америки,2008,7.5
13-й участок,"Криминальный фильм,Драма (жанр),Экранизация",Мартин Фрич,"Флаг Чехословакии,Чехословакия",1946,7.5
20 000 дней на Земле,"Документальный фильм,Музыкальный фильм","Айан Форсайт (страница отсутствует),Джейн Поллард (страница отсутствует)",Великобритания,2014,5.4
13-й знак,Ужасы,"Эктон, Джонти (страница отсутствует),Мэйсон, Адам (страница отсутствует)",Великобритания,2000,7.5
13 призраков,Фильм ужасов,Уильям Касл,Соединённые Штаты Америки,1960,7.5
13 убийц,Боевик (киножанр),Такаси Миикэ,Япония,2010,7.5
13 друзей хунты,Документальный фильм,,Россия,2014,7.5
Тринадцатый апостол,Фантастический фильм,"Бабаян, Сурен Гургенович (страница отсутствует)",Союз Советских Социалистических Республик,1988,N/A
13 дней во Франции,"Документальный фильм,Спортивный фильм","Лелуш, Клод,Рейшенбах, Франсуа",Франция,1968,7.5
12 разгневанных мужчин,d:Q3072039,"Фридкин, Уильям",Соединённые Штаты Америки,,9.0
13-й район: Ультиматум,Боевик (киножанр),"Алессандрин, Патрик (страница отсутствует),Французский язык,fr:Patrick Alessandrin",Франция,2009,7.5
Двенадцать стульев,,"Захаров, Марк Анатольевич",Союз Советских Социалистических Республик,,N/A
13 стульев,Кинокомедия,Эмерих Йозеф Войтек (страница отсутствует),Нацистская Германия,1938,7.5
12 обезьян,"Кинофантастика,Триллер,Драма (жанр),Антиутопия","Гиллиам, Терри",Соединённые Штаты Америки,1995,9.0
13 изгнаний дьявола,Фильм ужасов,,Флаг Испании,2022,7.5
12 лет рабства,"Исторический фильм,Драма (жанр)","Маккуин, Стив (режиссёр)",Соединённые Штаты Америки,2013,9.0
18-14,"Историческое кино,Детектив,Приключение",Андрес Пуустусмаа,Россия,2007,6.0
12 стульев,Кинокомедия,"Гайдай, Леонид Иович",Кинематограф СССР,1971,9.0
12 дней террора,"Ужасы,Триллер,Драма (фильм)",Джек Шолдер,Южно-Африканская Республика,2004,9.0
12 раундов: Перезагрузка,"Боевик (киножанр),Триллер",d:Q543733,Соединённые Штаты Америки,2013,9.0
13 грехов,"Триллер,Фильм ужасов",,Соединённые Штаты Америки,2014,7.5
12 раундов,"Боевик (киножанр),Триллер,Криминал",Ренни Харлин,Кинематограф США,2009,9.0
12 месяцев. Новая сказка,"Фильм-сказка,Кинокомедия,Мелодрама,Семейный фильм","Елеонский, Денис Леонидович (страница отсутствует)",Россия,19 февраля,9.0
11.6,"Драма (жанр),Саундтрек","Годо, Филипп (страница отсутствует)",Франция,2013,5.7
10 причин моей ненависти,Романтическая комедия,"Джангер, Джил (страница отсутствует)",Соединённые Штаты Америки,1999,7.3
12 могил Ходжи Насреддина,"Кинокомедия,Сказка","Минц, Климентий Борисович",Кинематограф СССР,1966,9.0
12 этажей спустя,,"Агаев, Джафар Сейранович (страница отсутствует)",Россия,2024,9.0
«12»,"Психология,Триллер,Право,Детектив,Драма (жанр),Артхаус","Михалков, Никита Сергеевич",Россия,2007,9.0
11-11-11,Фильм ужасов о сверхъестественном,"Боусман, Даррен Линн","Соединённые Штаты Америки,Испания",1 ноября,3.9
10 на 10,Психологический триллер,,"Великобритания,Соединённые Штаты Америки",2018,N/A
10 миль в час,Документальное кино,"Уикс, Хантер (страница отсутствует),en:Hunter Weeks","Соединённые Штаты Америки,США",2007,7.3
10 лет спустя,"Драма (жанр),Романтическая комедия","Линден, Джеми (страница отсутствует)",Соединённые Штаты Америки,2011,7.3
11:14,"Триллер,Детективный фильм,Криминальный фильм,Черный юмор","Маркс, Грег (страница отсутствует),en:Greg Marcks","Кинематограф США,Кинематограф Канады",2003,7.1
10 000 лет до нашей эры,Приключенческий боевик (кино),"Эммерих, Роланд","Южно-Африканская Республика,Соединённые Штаты Америки",22 февраля,4.4
9 секунд,,"Штром, Олег Никитич",Россия,2024,7.9
9 мая. Личное отношение,,"Смирнова, Авдотья Андреевна,Котт, Александр Константинович,Котт, Владимир Константинович,Евгений Лаврентьев,Карен Оганесян,Максим Пежемский,Егор Кончаловский,Василий Чигинский",Россия,,7.9
12 месяцев,"Романтический фильм,Фэнтезийная комедия","Баршак, Александр Дмитриевич (страница отсутствует)",Россия,2013,9.0
9 смертей ниндзя,Боевик (киножанр),"Олстон, Эмметт (страница отсутствует)",Соединённые Штаты Америки,1985,7.9
11 сентября,"Драма (жанр),Исторический фильм,Киноальманах","Махмальбаф, Самира,Лелуш, Клод,Шахин, Юсеф,Танович, Данис,Уэдраого, Идрисса,Лоуч, Кен,Гонсалес Иньярриту, Алехандро,Гитай, Амос,Наир, Мира,Пенн, Шон,Имамура, Сёхэй","Иран,Франция,Египет,Босния и Герцеговина,Буркина-Фасо,Великобритания,Мексика,Израиль,Индия,Соединённые Штаты Америки,Япония",2002,7.5
9 рота,"Военный фильм,Исторический фильм,Боевик (киножанр),Драма (жанр)","Бондарчук, Фёдор Сергеевич","Россия,Украина",2005,7.9
8 свиданий,Романтическая кинокомедия,,Испания,2008,7.0
10 шагов к успеху,Комедийная драма,,Соединённые Штаты Америки,2006,7.3
9 душ,Фильм-драма,Тосиаки Тоёда (страница отсутствует),Япония,2003,7.9
9 мёртвых геев,"Драма (жанр),Комедия",,Великобритания,2002,7.9
9 месяцев строгого режима,Кинокомедия,"Дюпонтель, Альбер",Франция,2013,7.9
8 первых свиданий,"Мелодрама,Кинокомедия",,"Россия,Украина",2012,7.0
8-битное Рождество,Кинокомедия,"Даус, Майкл (страница отсутствует)",Соединённые Штаты Америки,2021,7.0
9 апреля,,,Дания,2015,7.9
8 женщин,"Мюзикл,Кинокомедия,Детектив","Озон, Франсуа","Кинематограф Франции,Италия",2002,7.0
8 миллиметров,"Триллер,Детективный фильм",Джоэл Шумахер,"Соединённые Штаты Америки,Германия",1999,7.0
8 подруг Оушена,"Кинокомедия,Криминальный фильм","Росс, Гэри",Соединённые Штаты Америки,2018,7.0
8 лучших свиданий,"Кинокомедия,Мелодрама","Вайсберг, Марюс",,2016,7.0
007: Спектр,Шпионский фильм,"Мендес, Сэм","Кинематограф Великобритании,Кинематограф США",2015,7.1
Ноль-седьмой меняет курс,"Боевик (киножанр),Драма (жанр)","Потапов, Владимир Алексеевич (кинематографист) (страница отсутствует)",Россия,2007,N/A
7 секунд,Боевик (киножанр),en:Simon Fellows,"Соединённые Штаты Америки,Румыния,Швейцария,Великобритания",28 июня,7.1
7 ящиков,"Триллер,Криминальный фильм","Хуан Карлос Манелья (страница отсутствует),Тана Шембори (страница отсутствует)",Парагвай,2012,7.1
"7 дней, 7 ночей",,,Россия,2024,7.7
9 песен,"Драма (жанр),Мелодрама,Музыкальный фильм,Эротика","Уинтерботтом, Майкл",Великобритания,2004,7.9
7 дней и ночей с Мэрилин,"Драма (жанр),Фильм-биография","Кёртис, Саймон (режиссёр) (страница отсутствует),en:Simon Curtis (filmmaker)",Великобритания,2011,7.1
7 дней до смерти,"Драма (жанр),Фильм ужасов,Триллер",,"Соединённые Штаты Америки,Германия,Чехия",2000,7.1
6 дней,"Боевик (жанр),Триллер",Тоа Фрейзер (страница отсутствует),"Великобритания,Новая Зеландия",2017,7.8
6-й день,Киберпанк,"Споттисвуд, Роджер",Кинематограф США,2000,7.8
5-я волна,"Постапокалиптика,Научная фантастика",,Соединённые Штаты Америки,2016,5.9
12:08 к востоку от Бухареста,Кинокомедия,"Порумбою, Корнелиу",Румыния,2006,7.3
007: Координаты «Скайфолл»,Шпионский фильм,Сэм Мендес,"Великобритания,Соединённые Штаты Америки",2012,7.1
7 женщин,Драма (жанр),"Форд, Джон (режиссёр)",Соединённые Штаты Америки,1966,7.1
5 терапия,"Драма (жанр),Триллер,Биография",,Украина,2017,5.9
5 причин не влюбиться в казаха,Кинокомедия,,Казахстан,2017,5.9
9/11,"Драма (жанр),Фильм-катастрофа",,Соединённые Штаты Америки,2017,8.5
7 главных желаний,"Кинокомедия,Мелодрама","Соколовский, Вадим Михайлович",Россия,2013,7.1
5 недель,Трагикомедия,,Россия,2021,5.9
5 разбитых камер,Документальное кино,,"Израиль,Палестинская национальная администрация,Франция,Нидерланды",2011,5.9
4:44. Последний день на Земле,"Драма (жанр),Кинофантастика","Феррара, Абель",Соединённые Штаты Америки,2011,4.6
5 неизвестных...,Триллер,,Соединённые Штаты Америки,2006,5.9
5 дней в августе,"Военный фильм,Боевик (киножанр),Пропагандистский фильм","Харлин, Ренни","Соединённые Штаты Америки,Грузия",2011,5.9
"4 месяца, 3 недели и 2 дня",Драма (жанр),"Мунджиу, Кристиан","Флаг Румынии,Румыния",2007,N/A
4 американских композитора,"Документальный фильм,Музыкальный фильм","Гринуэй, Питер",Великобритания,1983,7.6
4 дня в мае,"Военный фильм,Драма (жанр),Боевик (жанр)",Ахим фон Боррис (страница отсутствует),"Германия,Украина,Россия",2011,7.6
4 x 4,,,"Финляндия,Норвегия,Швеция,Дания",1965,7.1
1 миля до тебя,"Драма (жанр),Мелодрама",Лейф Тильден (страница отсутствует),Соединённые Штаты Америки,2017,8.2
4.3.2.1,"Триллер,Электро-хаус,Соул,Ритм-н-блюз,Хип-хоп,Грайм","Кларк, Ноэль",Кинематограф Великобритании,2010,5.8
"«Москвич», любовь моя",,,"Армения,Франция,Россия",2015,N/A
4 маленькие девочки,,"Ли, Спайк",Соединённые Штаты Америки,1997,7.6
4 листа фанеры,Детектив,"Гаврилюк, Иван Ярославович,Курбанов, Сайдо Бобоевич",Украина,1992,7.6
7:35 утра,"Короткометражный фильм,Музыкальный фильм","Вигалондо, Начо",Испания,21 ноября,7.3
8 ½ $,Кинокомедия,"Константинопольский, Григорий Михайлович",Россия,1999,6.3
(Не)идеальные роботы,"Романтическая комедия,Научно-фантастический фильм,d:Q52162262","Хайнс, Энтони,Каспер Кристенсен (страница отсутствует)",Соединённые Штаты Америки,2023,N/A
(Не)бывшие,Драматический фильм,"Бризе, Стефан",Франция,8 сентября,N/A
«Спартак»: действующие лица… и болельщики,"Документальный фильм,Спортивный фильм","Илья Гутман,Пастернак, Иосиф Семёнович",Союз Советских Социалистических Республик,1985,N/A
1,Документальный фильм,Пол Краудер (страница отсутствует),Соединённые Штаты Америки,2013,7.9
(Почти) Пять Докторов: Перезагрузка,"Кинокомедия,Кинопародия","Дэвисон, Питер",Великобритания,,N/A
Чудотворец из Бирюлёва,Игровое кино,"Эпштейн, Борис Рафаилович (страница отсутствует)",Союз Советских Социалистических Республик,1958,N/A
…а пятый всадник – Страх,,"Бриних, Збынек",Чехословакия,1965,N/A
…И прекрасный миг победы,,"Винник, Вячеслав Григорьевич (страница отсутствует)",Союз Советских Социалистических Республик,1984,N/A
…и передайте привет ласточкам,,"Йиреш, Яромил",Чехословакия,1972,N/A
…которого любили все,"Документальный фильм,Биографический фильм","Осыка, Леонид Михайлович",Союз Советских Социалистических Республик,1982,N/A
?,Драматический фильм,d:Q4201122,Индонезия,7 апреля,N/A
5×2,"Мелодрама,Драма (жанр)","Озон, Франсуа",Франция,2004,5.6
4:0 в пользу Танечки,Кинокомедия,"Василевский, Радомир Борисович",Союз Советских Социалистических Республик,1982,6.9
0-41*,"Документальный фильм,Драма (жанр),Комедия",Сенна Хегде (страница отсутствует),Индия,2016,8.9
«SOS» над тайгой,"Драматический фильм,Приключенческий фильм","Кольцатый, Аркадий Николаевич",Кинематограф СССР,1976,6.2
